player_id,game_id,time_end,team,mean,std
1777,3299,2006-02-14 21:24:28,1,22.4589376388,7.37051915358
1777,5138,2006-03-03 03:52:46,1,16.0067555676,4.2761132449
1777,4045,2006-02-22 04:59:02,1,21.383761018,6.30323803378
1777,4806,2006-03-02 00:23:36,3,20.2864072403,4.96740566476
1777,3342,2006-02-17 21:24:05,1,21.4939772803,6.9632918786
1777,4521,2006-02-26 08:16:45,3,15.1605499549,5.25017968251
1777,5097,2006-03-02 19:26:44,1,17.4358878684,4.52531452579
1777,4365,2006-02-24 05:10:22,1,18.1825788128,5.62819353876
1777,4024,2006-02-23 03:44:22,2,18.9976437003,6.68618678833
1777,4271,2006-02-25 02:21:03,1,20.5374810298,6.06417387308
22776,129723,2006-12-11 03:08:09,2,27.2785825378,6.50837531092
22776,109753,2006-11-17 20:11:50,1,23.9460428372,5.5810311952
22776,4331621,2009-03-20 11:56:09,2,26.2881603401,8.01620710653
22776,120673,2006-12-01 05:08:12,1,28.606456572,6.15477748198
22776,145558,2006-12-31 18:51:54,1,27.042906762,7.21500429033
22776,86666,2006-10-20 15:51:09,2,28.2485437235,7.58213792221
22776,124762,2006-12-06 00:15:24,1,26.3687297781,6.20600445559
22776,102335,2006-11-09 18:54:31,2,21.9463592151,7.10276209633
22776,103200,2006-11-09 19:43:37,1,21.1287780702,6.79092150809
22776,104761,2006-11-15 13:58:58,1,20.2369305539,6.49375437534
22776,112359,2006-11-23 01:05:53,1,25.5544466732,5.70139608058
22776,105470,2006-11-27 21:16:31,2,23.1064949948,5.75932438259
22776,86077,2006-10-23 21:49:26,2,27.0371160771,7.20605042965
22776,135301,2006-12-18 00:30:54,1,25.7043875439,6.76297736154
22776,105610,2006-11-14 20:05:09,1,25.0039059292,5.45842068626
22776,102151,2006-11-27 04:26:21,2,24.3652244421,7.73603388854
22776,111935,2006-11-26 09:29:00,1,24.9681357802,5.81969516636
77661,522047,2007-06-21 12:24:49,1,28.8370409517,2.2017796772
77661,409895,2007-05-15 02:04:57,1,28.8013467593,3.21704914877
77661,465634,2007-06-20 13:49:31,1,30.2100906084,2.60361777029
77661,344077,2007-04-18 11:09:02,1,28.7713400457,5.25050871534
77661,385030,2007-04-30 22:11:49,1,21.9775591809,4.03282497288
77661,451244,2007-05-28 13:15:52,1,30.7443065916,2.5400711993
77661,463962,2007-06-03 03:21:37,1,30.7991210269,2.72677262623
77661,484755,2007-06-13 06:54:18,1,29.1302628429,2.40455265239
77661,414457,2007-05-15 10:18:53,1,27.7053339243,3.05928389512
77661,344082,2007-04-26 21:35:38,1,24.6438466931,6.09925001827
77661,435695,2007-06-05 14:32:06,1,28.8940971996,2.73402854892
77661,552303,2007-06-30 16:01:15,1,27.4432132795,2.16035020137
77661,547302,2007-06-30 22:20:33,1,27.4075493124,2.28861016894
77661,509938,2007-06-21 19:41:48,1,29.8303184272,2.26314459258
77661,405043,2007-05-21 23:22:52,1,28.2696860904,3.39704105044
77661,438780,2007-05-26 04:59:56,1,29.8886063794,2.63082965431
77661,550107,2007-07-01 01:48:19,1,28.4513555491,2.36548364337
77661,344078,2007-04-23 13:37:34,1,19.4225860958,6.98411536351
77661,378077,2007-05-05 22:13:45,1,20.6339397613,4.85162338224
77661,494249,2007-06-22 00:12:02,1,29.5825791628,2.34744969895
77661,479757,2007-06-09 00:43:30,1,30.171404534,2.48968334614
77661,378078,2007-05-04 13:43:45,1,23.9708083828,4.38526863955
77661,430661,2007-06-01 15:44:14,1,28.7626451037,2.9006409625
77661,393196,2007-05-13 11:46:02,1,25.028276491,3.67371826964
77661,552302,2007-07-03 13:36:36,1,27.3519323916,2.22762269806
77661,344079,2007-04-18 11:43:14,1,24.4294064533,4.69006005886
54634,229124,2007-02-18 17:02:31,1,30.1587911493,5.19042995683
54634,370693,2007-04-28 22:33:18,1,33.543468967,3.34913944816
54634,221412,2007-02-13 04:03:38,1,24.9765501658,5.59638971461
54634,218191,2007-02-15 06:11:28,1,22.307917649,6.20068089056
54634,479482,2007-06-12 19:08:16,1,29.3588653854,4.64805721853
54634,233661,2007-02-19 02:54:19,2,27.953076633,4.50983352338
54634,326480,2007-04-04 23:30:24,1,31.9630177758,3.17671373218
54634,396554,2007-05-09 19:44:54,2,31.4309017221,3.71775860674
54634,324370,2007-04-08 17:36:11,1,31.6293983751,3.23191937301
54634,232485,2007-02-28 11:41:50,1,28.8403515313,5.06034132981
54634,427442,2007-05-27 22:15:41,1,33.3549399098,4.47963847013
54634,338367,2007-04-13 13:32:44,1,32.3454705598,3.47947551848
54634,267189,2007-03-14 23:10:47,1,31.4375127004,3.33040006396
54634,239882,2007-02-24 00:49:00,1,27.32759636,4.43255122406
54634,265231,2007-03-15 10:16:01,2,30.8805195174,3.3845620019
54634,265654,2007-03-21 11:32:19,2,30.4907050904,3.68482552635
54634,378424,2007-04-28 12:22:00,1,32.2126744287,3.25277451528
54634,260594,2007-03-11 04:30:17,1,29.7160830676,3.77751230643
54634,297452,2007-03-26 11:54:48,1,30.8868997779,3.31071778153
54634,216339,2007-02-18 12:39:13,1,19.7767191786,7.6490834845
54634,338368,2007-04-20 12:45:54,1,32.7914039774,3.44231985578
54634,218024,2007-02-13 06:22:36,2,18.2599930564,7.15461057951
54634,294206,2007-03-29 12:02:57,1,31.5813662822,3.39215278132
54634,309274,2007-03-30 13:58:48,1,31.2620377744,3.26638737255
54634,242537,2007-03-02 15:08:35,2,28.5899833903,4.00392193028
54634,470398,2007-06-04 12:54:44,1,30.8996838897,4.90249001867
54634,400171,2007-05-07 22:23:56,1,32.2274300713,3.60960494442
51221,253350,2007-03-03 00:25:12,1,34.2116665754,4.67481355657
51221,218099,2007-02-12 11:28:38,1,27.6298367323,5.92759160784
51221,299320,2007-03-27 13:34:49,1,32.1326950429,4.20863795391
51221,218069,2007-02-17 19:54:46,1,27.8843072158,5.84177209601
51221,223768,2007-02-13 02:51:27,1,29.9068483016,5.29547942192
51221,242582,2007-03-07 03:29:55,1,33.971826523,4.75745434799
51221,223767,2007-02-23 09:59:39,1,31.017996382,5.00928052679
51221,299322,2007-03-29 20:04:28,1,32.6690863411,4.13844926157
51221,256598,2007-03-06 22:37:41,1,34.4572331732,4.57613505503
51221,299321,2007-03-26 00:31:44,1,32.9217546866,4.09402133349
51221,239895,2007-02-26 15:39:29,1,33.2900928898,4.8599592158
51221,267615,2007-03-18 03:16:36,1,32.8262035708,4.35656351247
51221,257720,2007-03-03 02:56:44,1,34.8318500864,4.44923126795
51221,227745,2007-02-19 01:24:50,1,31.1820493573,4.94364685642
51221,305588,2007-04-04 00:16:29,1,32.0153769968,4.00616784089
51221,197160,2007-02-10 20:37:51,1,23.5425082338,6.92632841183
51221,197161,2007-02-08 09:10:24,1,21.9195010064,7.27070494311
51221,239948,2007-02-25 20:10:02,1,32.9485378025,4.94089106928
51221,227974,2007-02-17 19:57:09,1,31.6241732413,4.82701626499
46935,188900,2007-01-26 19:22:25,1,35.2824942936,4.32942138411
46935,180172,2007-01-18 22:07:24,2,30.952837386,5.71955757068
46935,181293,2007-01-24 23:53:12,1,33.4453260576,4.65082840181
46935,180890,2007-01-23 15:46:17,1,28.6554392173,5.50434505688
46935,181135,2007-01-23 01:27:32,1,33.1359279501,4.71999086349
46935,178036,2007-01-17 22:22:20,1,31.8488309264,6.87727465477
46935,181008,2007-01-23 06:57:50,1,29.5979640258,5.23268410269
46935,202995,2007-02-12 09:34:45,1,36.0197876833,3.77574161841
46935,182194,2007-01-26 17:31:18,1,34.7530983553,4.42145953286
46935,202465,2007-02-04 19:13:13,1,35.5138806904,3.87412605853
46935,188898,2007-01-26 19:15:26,1,35.0127878722,4.38050125994
46935,193535,2007-02-01 01:32:41,1,34.4279954472,4.04054652905
46935,194226,2007-02-18 22:48:07,1,35.3589258142,3.91370638325
46935,228866,2007-02-14 18:46:50,1,35.2684778816,3.79154365861
46935,178411,2007-01-24 14:15:45,1,30.5258163786,5.8773475049
46935,181996,2007-01-24 16:37:14,1,34.0933415587,4.51729457662
46935,228865,2007-02-18 13:37:01,1,34.8294535542,3.87154811515
46935,193533,2007-01-30 04:59:17,1,33.9433922435,4.12072595639
46935,192553,2007-01-27 22:44:55,1,33.7430485527,4.15942102577
46935,178369,2007-01-19 14:16:48,1,27.2498637068,6.3129877919
46935,177620,2007-01-22 13:51:26,1,28.1538557365,7.69381713339
46935,228879,2007-02-14 16:55:29,1,34.016905073,4.00547532344
46935,202464,2007-02-02 18:15:32,1,35.8124485901,3.81339480783
46935,242848,2007-03-17 23:29:59,2,35.8677814787,4.64277668216
46935,181284,2007-01-24 22:39:58,1,30.6700111487,5.05167574389
46935,194408,2007-02-01 13:42:24,1,34.8238434324,3.97690548495
46935,228863,2007-02-18 15:25:22,1,34.5209273198,3.92106705358
68773,308026,2007-03-23 14:54:39,1,32.9246725336,4.9308722212
68773,286923,2007-03-20 05:58:53,2,23.7236611151,7.9621989458
68773,313660,2007-03-26 13:53:01,1,35.663225028,4.67742933783
68773,305382,2007-03-29 02:05:34,1,32.1283978174,5.1548756845
68773,320310,2007-03-28 18:36:31,1,36.4391265627,4.83063729598
68773,304840,2007-03-27 15:20:12,1,31.1004099858,5.32552113141
68773,296115,2007-03-19 21:06:46,2,25.1913224525,5.51536672851
68773,322853,2007-03-29 23:15:19,1,31.7210400449,4.54740885148
68773,326733,2007-03-31 23:26:40,1,30.1606213744,3.81295377004
68773,326735,2007-03-31 12:33:24,1,32.2619389596,4.07271757568
68773,327935,2007-04-01 23:38:11,1,29.4410215046,3.67897297171
68773,327939,2007-03-31 16:52:37,1,28.8874969702,3.5693548395
68773,313661,2007-03-27 01:36:51,1,34.5545173942,4.94817772079
68773,295585,2007-03-21 02:53:52,2,28.3129758782,6.27704465728
68773,322856,2007-03-30 15:06:42,1,30.5544093043,4.30855661428
68773,320273,2007-03-30 14:50:53,2,36.0067261527,4.97720761842
68773,320351,2007-03-27 19:49:13,1,34.1840046941,4.52029140314
68773,296384,2007-03-23 15:49:56,2,26.9265246865,7.30018934676
1408,5109,2006-03-03 19:31:51,2,26.6660781655,4.04714375375
1408,6225,2006-03-07 03:42:46,1,28.1313396177,3.88753017043
1408,3933,2006-02-21 00:34:06,1,27.8894288673,4.70597926272
1408,4254,2006-02-24 10:15:16,1,27.8824983574,4.23396405764
1408,4359,2006-02-24 06:31:00,2,29.9444708853,4.0524439213
1408,7390,2006-03-16 11:37:41,1,30.3517680516,3.71972806106
1408,7686,2006-03-15 07:14:50,1,30.0454694165,3.53570091903
1408,7053,2006-03-11 00:52:14,2,30.0518520068,3.5207244079
1408,3643,2006-02-20 03:18:37,3,25.5764646835,5.21989931955
1408,2948,2006-02-14 20:07:31,1,28.7642888758,5.59640536696
1408,9104,2006-03-20 22:30:59,1,27.5170268099,3.94896731517
1408,3851,2006-02-20 08:47:19,1,28.5913654054,4.85181449753
1408,6108,2006-03-09 00:19:04,1,29.1314246782,3.99871061991
1408,7033,2006-03-10 21:39:54,1,29.5209978934,3.59605089809
1408,6403,2006-03-08 18:44:59,1,29.4179178645,3.74663544408
1408,9199,2006-03-21 12:09:26,1,27.7545129661,3.89733200905
1408,7585,2006-03-18 07:49:22,1,29.3302669614,3.6316327836
1408,4917,2006-03-01 02:57:48,1,27.1586452163,4.13591147053
1408,2482,2006-02-10 23:09:18,1,26.6802789221,7.20709039959
1408,2522,2006-02-12 06:11:20,1,26.9890314701,6.34869382627
1408,9690,2006-03-29 04:48:53,1,25.6106912013,3.56467965142
1408,4045,2006-02-22 04:59:02,1,29.0716630288,4.57497242769
1408,2414,2006-02-11 20:55:07,1,23.1666049928,7.80577697395
1408,6598,2006-03-13 04:02:16,2,29.9290422228,3.659362487
1408,5533,2006-03-03 01:23:17,1,28.6849473097,4.0233297519
1408,2483,2006-02-10 07:06:08,1,29.9411286735,6.79890177606
1408,7754,2006-03-16 09:18:05,1,29.3104990888,3.47987698131
1408,2521,2006-02-18 09:01:33,1,28.4986928697,6.06503815198
1408,5834,2006-03-06 00:17:02,1,29.4353384391,4.05153040269
1408,2947,2006-02-17 08:41:41,1,29.8417158931,5.76970788222
1408,4901,2006-02-28 19:29:03,1,28.5840321767,4.33700041361
1408,6224,2006-03-10 14:31:43,1,29.0242283198,3.79883211389
1408,5189,2006-03-01 00:35:12,1,27.7679436366,3.90883973755
1408,9348,2006-03-25 15:22:42,2,25.9833117806,3.62815411926
1408,4205,2006-02-22 16:19:34,1,27.0020504423,4.37862204947
3195,8656,2006-03-22 22:39:25,1,27.0399041776,6.62447511177
3195,22223,2006-05-16 18:24:03,2,25.5387985261,7.59909806953
3195,23720,2006-05-20 19:03:44,2,25.7284672632,6.21095531158
3195,22262,2006-05-13 18:31:22,1,21.5987063296,6.53305650694
3195,25114,2006-05-20 20:31:10,2,28.4772576825,5.59196297418
3195,25788,2006-05-23 13:49:20,1,30.7645783786,4.65037943772
3195,25764,2006-05-22 21:19:43,1,28.753305597,4.96438572953
3195,8670,2006-03-22 22:36:06,1,25.580072508,6.89841641612
3195,8664,2006-03-20 03:30:10,1,23.7389095943,5.74004884521
3195,25141,2006-05-20 20:49:10,2,30.1796449086,5.15261369088
3195,25147,2006-05-20 21:34:57,1,31.3619556755,4.83821018844
3303,14148,2006-04-15 06:00:16,1,28.614836494,4.10202097069
3303,14147,2006-04-14 04:11:48,1,27.9592077449,3.63050864494
3303,15926,2006-04-23 06:02:00,1,25.7766125952,3.85736430104
3303,14744,2006-04-18 18:57:57,1,28.4501642925,3.50779373458
3303,13409,2006-04-10 04:39:00,1,29.1073012868,4.37469076552
3303,11697,2006-04-05 02:59:58,1,29.245724975,3.72645712469
3303,15999,2006-04-24 22:33:41,1,27.5162121681,3.61087864023
3303,11864,2006-04-03 02:44:57,1,27.740233838,3.64988009088
3303,11792,2006-04-02 02:56:17,1,29.9614962898,3.59381054949
3303,14743,2006-04-18 00:58:13,1,26.54103804,3.30679429147
3303,10168,2006-03-29 01:05:26,1,23.309229907,5.64831069669
3303,13408,2006-04-11 00:27:37,1,26.2655258899,4.01906680858
3303,10167,2006-04-01 02:56:58,1,28.4062431519,4.24186356256
3303,11696,2006-04-08 03:00:26,1,29.7914822414,4.093213768
3303,14149,2006-04-14 14:21:32,1,26.526227378,3.85488049646
3303,17894,2006-05-04 01:09:22,1,25.414753205,4.04504222196
3303,9012,2006-03-23 23:21:28,1,31.9399349631,6.67397111519
3303,14745,2006-04-17 02:18:01,1,29.3922237392,3.80659432191
3303,15998,2006-04-21 21:43:25,1,25.5840457632,3.38872468467
3303,10166,2006-03-29 06:48:11,1,24.9834631616,4.71569442769
3651,12112,2006-04-15 05:59:43,1,34.4027193016,6.19892929164
3651,15220,2006-04-26 05:35:15,1,30.8214020159,4.58463804476
3651,16744,2006-05-02 20:14:20,1,33.1165989605,4.11611542808
3651,16949,2006-05-10 06:13:35,1,30.8846127376,3.75580889109
3651,12524,2006-04-15 16:03:43,1,27.2911725749,5.42447832156
3651,16745,2006-05-11 01:03:17,1,32.4808623748,4.2382531836
3651,10465,2006-04-03 07:32:15,1,30.9510823375,7.20008240931
3651,15539,2006-04-23 21:26:34,1,32.1896473701,4.31316884121
3651,14792,2006-04-18 19:29:14,1,28.6837879094,4.9455279441
3651,19344,2006-05-11 08:50:50,1,27.0708490994,3.31723204059
3651,10466,2006-04-04 20:58:45,1,32.8361393305,6.65724797524
3651,17550,2006-05-13 00:01:10,1,28.7412862589,3.51026260287
3652,17550,2006-05-12 00:01:10,1,28.7135840363,3.54645206449
3652,19344,2006-05-12 08:50:50,1,27.0085456964,3.34723061481
3652,15220,2006-04-26 05:35:15,1,30.8297464918,4.67424309797
3652,15539,2006-04-23 21:26:34,1,32.251980366,4.38612896061
3652,10465,2006-04-03 07:32:15,1,30.9510823375,7.20008240931
3652,14792,2006-04-17 15:54:27,1,28.5902587079,4.82285876176
3652,12524,2006-04-15 21:43:12,1,27.2911725749,5.42447832156
3652,10466,2006-04-04 20:58:45,1,32.8361393305,6.65724797524
3652,16744,2006-05-02 20:14:20,1,33.2097290255,4.17895226395
3652,16949,2006-05-10 06:19:15,1,30.9091035277,3.80128569148
3652,16745,2006-05-11 01:03:17,1,32.5531271824,4.30726915222
3652,12112,2006-04-15 05:59:43,1,34.4027193016,6.19892929164
8595,42425,2006-07-14 06:39:53,1,23.7901611175,4.94918256742
8595,38470,2006-07-03 03:51:56,1,28.8419465774,7.25328441318
8595,39605,2006-07-04 02:33:44,1,25.8847288786,6.60373550315
8595,32938,2006-06-17 03:59:42,1,23.9535141457,7.24828332666
8595,41222,2006-07-10 05:27:50,1,30.1078165507,5.82032310497
8595,39628,2006-07-08 03:51:46,1,28.4923816462,6.19670661894
8595,31590,2006-06-13 14:19:22,1,26.7328909506,7.89825762974
8595,98122,2006-11-06 02:43:06,1,19.7546972898,7.18977648936
8595,42641,2006-07-16 20:52:36,2,24.9920045442,5.13327679669
8595,98121,2006-11-06 22:17:02,1,21.7756681032,7.71857013206
20635,117321,2006-11-27 19:06:31,1,30.6139540087,2.3959047211
20635,128038,2006-12-20 23:37:50,1,31.7033150544,3.49741311796
20635,128041,2006-12-15 18:08:45,1,30.877623095,3.41262274369
20635,108830,2006-11-18 09:49:48,1,28.9994651999,2.69299940473
20635,102083,2006-11-14 15:11:38,1,31.0613671644,3.01932153187
20635,99870,2006-11-08 15:26:48,1,30.9028369682,3.0433656154
20635,111478,2006-11-22 23:04:01,1,30.1228459111,2.63314740747
20635,84475,2006-10-20 22:05:10,1,29.5202429082,4.47150789982
20635,116181,2006-11-28 23:48:32,1,31.219333724,2.47188225123
20635,96643,2006-11-07 02:25:31,1,29.5290439995,3.24786729201
20635,94079,2006-10-28 19:51:54,1,27.0800191253,3.48265095267
20635,103922,2006-11-12 14:22:52,1,30.5942675817,2.84867586454
20635,128037,2006-12-16 19:29:46,1,31.172474142,3.38609343239
20635,116538,2006-11-30 15:51:28,1,31.3306059843,2.45770884329
20635,112148,2006-11-24 00:48:59,1,30.6911132875,2.54497608407
20635,81721,2006-10-19 21:29:21,1,30.4043743851,5.09039303133
20635,82683,2006-10-12 05:30:25,1,29.268375788,4.26981363073
20635,115674,2006-11-29 13:18:29,1,31.065715626,2.49029385894
20635,112147,2006-11-21 21:37:30,1,30.4360068863,2.58690975985
20635,111480,2006-11-23 02:12:18,1,30.3123576547,2.60892933722
20635,121336,2006-12-05 04:22:23,1,30.9197034927,2.8906455176
20635,85956,2006-10-18 15:23:37,1,30.303067179,4.28065514183
20635,105522,2006-11-14 15:09:14,1,29.9685881169,2.72542281081
20635,121332,2006-12-02 21:07:50,1,31.3876601317,2.8076862861
20635,85853,2006-10-20 22:23:18,1,30.7124071801,4.20060887816
20635,93612,2006-10-27 20:08:07,1,28.268215535,3.66274285272
20635,108828,2006-11-18 14:25:58,1,29.1057182178,2.67333241629
20635,96158,2006-11-02 13:09:20,1,28.264787312,3.42954749304
20635,104415,2006-11-17 04:39:46,1,29.7536305448,2.76607465604
20635,81193,2006-10-14 21:18:11,1,29.8187250201,5.1955458239
20635,96644,2006-11-02 23:06:25,1,29.0651425952,3.29954268602
20635,99314,2006-11-06 11:23:44,1,30.7334123086,3.07717301325
20635,102919,2006-11-10 14:40:18,1,31.507744411,2.94104575068
20635,89626,2006-10-29 11:55:28,1,31.3435229998,4.02099903392
20635,89331,2006-10-24 22:52:24,1,31.182110929,4.05610907493
20635,82349,2006-10-14 17:14:32,1,32.1162720271,4.69280003732
20635,114949,2006-11-24 23:13:05,1,30.947045914,2.50445475964
20635,80089,2006-10-08 08:31:12,1,28.9876902808,5.41037308424
20635,97530,2006-11-06 02:34:46,1,29.7119228481,3.20282367423
20635,79384,2006-10-09 00:59:15,2,33.4548120084,6.27272731249
20635,89630,2006-10-29 08:45:20,1,30.0906493347,3.89878759847
20635,108829,2006-11-17 18:42:36,1,29.8162175643,2.59885392601
20635,88091,2006-10-25 17:56:49,1,30.8758569173,4.1462392482
20635,121331,2006-12-08 21:40:49,1,31.2520681556,2.83810459825
20635,77392,2006-10-06 22:10:17,1,28.5048317653,7.55552952199
20635,77394,2006-10-08 00:21:36,1,31.302890974,7.00423870888
12592,55370,2006-08-16 01:00:19,1,23.5870747728,5.12996974422
12592,46209,2006-07-25 19:10:22,1,17.9587140277,6.22359699262
12592,60909,2006-08-31 07:42:13,1,27.3787356415,3.5286438618
12592,55386,2006-08-18 14:22:28,1,23.0647383717,4.7583854837
12592,46141,2006-08-08 20:44:07,2,19.5105547463,6.68905452675
12592,56430,2006-08-21 10:54:35,1,26.4172753683,4.30737868583
12592,48193,2006-08-03 02:46:23,2,18.7001440828,5.01502605497
12592,56429,2006-08-25 08:52:57,1,24.8065796395,4.51035811094
12592,52998,2006-08-14 21:24:41,1,23.8690688975,5.21248023799
12592,66887,2006-09-11 23:13:37,1,27.5163193063,4.25099945268
12592,59177,2006-08-26 07:55:30,1,30.0793821304,3.84207847848
12592,56813,2006-08-20 23:01:21,1,27.2336350954,4.20379075123
12592,46142,2006-08-04 23:26:34,2,17.493126137,6.02214845185
12592,52995,2006-08-14 02:25:28,1,21.806321706,5.45829274508
12592,46348,2006-07-21 23:47:58,1,21.3934691743,7.20799119889
12592,59207,2006-08-31 02:06:52,1,29.1346329416,3.76731111033
12592,58046,2006-08-25 22:37:20,1,28.1043375255,4.10071104489
12592,66926,2006-09-12 02:40:00,2,28.0707196814,3.85247087843
12592,48459,2006-08-03 10:45:45,1,19.6078150223,5.67597719954
12592,60910,2006-08-31 11:02:55,1,28.9102850942,3.3417903316
28206,109532,2006-11-29 20:58:27,2,25.3961913866,4.25076934119
28206,108344,2006-11-15 11:54:19,1,24.8335491653,5.1363078471
28206,109436,2006-11-29 19:14:54,2,24.2391642381,4.67550831237
28206,108176,2006-11-18 02:54:36,2,20.0654761013,7.12368325223
28206,119926,2006-12-12 12:21:47,1,26.2441728602,3.52716433933
28206,108024,2006-11-16 23:23:42,2,27.0956945744,5.73331132942
28206,121425,2006-11-30 18:12:24,1,25.5679998718,3.39008477584
28206,110565,2006-11-28 00:37:18,1,26.6874973543,4.08347829332
28206,111697,2006-11-22 07:29:26,1,28.2304568508,3.92030479671
28206,108174,2006-11-15 14:09:04,2,20.812106703,7.34696126248
28206,116721,2006-11-29 16:42:16,1,28.2708883037,3.80679713046
28206,115019,2006-11-24 10:52:54,2,27.8820939617,3.70776742141
30353,135634,2006-12-13 00:22:14,1,29.1867130132,4.65116519481
30353,143019,2006-12-20 01:40:50,1,28.2390694,3.85009748146
30353,137841,2006-12-16 03:41:08,1,30.9045309037,4.97912532822
30353,127095,2006-12-07 20:23:56,1,28.7564590869,4.63828014021
30353,143020,2006-12-20 01:42:35,1,26.892350143,3.66154197497
30353,120822,2006-11-29 00:38:07,1,31.064012507,5.39213183033
30353,119819,2006-11-29 23:43:03,1,29.1391030305,5.84187428248
30353,165047,2007-01-08 20:58:41,1,27.7851630483,4.68970813297
30353,124218,2006-12-02 05:58:10,1,24.9253487221,4.5861209408
30353,129213,2006-12-10 08:28:46,1,27.1628500391,4.34628547
30353,141004,2006-12-18 04:28:13,1,26.3410533268,3.53381603964
30353,124220,2006-12-02 06:36:40,1,27.3995949341,4.26224698603
30353,127085,2006-12-09 07:50:20,1,27.6617976955,4.85950583292
30353,121933,2006-11-30 00:40:09,1,28.0307978716,5.23280354476
30353,137826,2006-12-15 01:09:08,1,28.2858987881,4.5767084883
30353,118984,2006-11-28 22:10:05,1,28.3028093483,6.13149636282
30353,121938,2006-12-01 03:03:14,1,25.1890516216,4.87414624563
30353,137840,2006-12-17 00:15:32,1,26.6266988454,4.22724947957
30353,137903,2006-12-17 02:07:26,1,25.3667355858,4.0043121845
30353,118091,2006-11-27 22:36:27,1,31.8750983354,6.93356762302
30353,165043,2007-01-08 07:51:46,1,29.0013486763,4.99798621362
30353,135984,2006-12-13 05:43:43,1,30.2225981213,4.5879173998
30353,122013,2006-12-01 04:43:34,1,27.1624675124,4.54212266367
30353,137828,2006-12-18 22:33:40,1,25.4152441414,3.67538687186
30353,116625,2006-11-25 23:21:55,1,30.4272966618,7.2767897471
29501,120995,2006-12-03 21:32:58,1,33.4863892982,4.06072770962
29501,119087,2006-11-29 06:40:57,1,35.4922757186,4.49640884719
29501,113321,2006-11-28 05:18:07,2,33.8958868437,6.69142051165
29501,113326,2006-11-25 19:01:56,2,31.046348815,5.95556137923
29501,113324,2006-11-23 00:17:52,2,32.1210510354,6.26271568201
29501,117885,2006-12-01 17:52:14,1,37.9588044084,4.87672263351
29501,116762,2006-11-28 04:52:16,1,35.9100452289,5.26341105181
29501,113323,2006-11-26 16:48:37,2,35.4441616824,5.40442708146
29501,121252,2006-12-07 09:58:53,1,31.8774038488,3.84074059518
29501,120082,2006-12-03 12:37:28,1,33.0828996146,4.17597641704
26039,109491,2006-11-20 07:02:19,1,22.6093484202,4.60811755162
26039,109331,2006-11-20 18:38:57,2,20.8005710437,4.31834439802
26039,103783,2006-11-15 11:47:45,1,24.2212594427,5.50488507143
26039,105603,2006-11-15 08:32:00,1,21.3177212482,5.06019979229
26039,101148,2006-11-10 12:04:58,2,26.2508592853,5.88996982834
26039,100354,2006-11-06 16:15:57,2,29.1390276808,6.75188545855
26039,106972,2006-11-17 15:34:25,1,23.5517200673,4.7861436395
26039,105587,2006-11-12 08:06:36,1,23.1725378782,5.30533398494
26039,101049,2006-11-10 12:47:49,2,27.5253147831,6.1753296295
26039,100218,2006-11-20 09:13:08,3,29.6790096521,6.96897213831
40769,169185,2007-01-17 23:40:48,1,20.7919816765,5.52876339198
40769,189575,2007-01-26 00:15:06,1,23.6229052508,4.40201091602
40769,155359,2007-01-03 23:24:00,2,22.8466901921,5.69134170829
40769,206802,2007-02-07 06:29:30,1,24.575478215,4.92281302109
40769,153870,2007-01-16 16:44:30,3,28.1688677037,6.78788549136
40769,183200,2007-01-26 01:05:43,1,23.1852533289,5.12371038284
40769,169184,2007-01-15 07:43:55,1,22.8071551331,5.21280352057
40769,154476,2007-01-03 06:18:47,1,26.4187388967,6.34956886613
40769,159601,2007-01-09 02:44:11,1,22.034494097,5.76892521603
40769,169183,2007-01-13 20:16:38,1,18.7513121516,5.77095087903
40769,189573,2007-01-26 21:21:38,1,24.6675305123,4.57406407094
40769,160843,2007-01-09 01:13:25,1,20.5544668154,5.54140985376
40769,195658,2007-01-31 16:39:09,1,26.298977761,4.63778596123
40769,188221,2007-01-27 14:06:14,1,23.1968598851,4.79644722303
40769,173554,2007-01-19 22:38:24,1,22.0210986,5.0882039012
40769,186066,2007-01-23 19:36:35,1,22.3596240341,4.93363640133
46195,304707,2007-04-04 10:41:30,1,25.4990696876,3.58027193164
46195,10226873,2011-12-20 00:15:32,1,32.021448873913855,7.454586679756908
46195,216210,2007-02-19 04:15:29,1,30.0111223904,4.70992197437
46195,281336,2007-03-16 01:13:36,1,30.5120647857,3.97620183099
46195,175124,2007-01-18 04:14:07,1,21.1115382296,6.93514817854
46195,181256,2007-01-23 22:35:50,1,27.8977510796,6.01330140642
46195,212198,2007-02-14 17:46:38,1,29.8654988743,4.74432340534
46195,304705,2007-04-03 19:10:56,1,26.3048208474,3.68118837911
46195,198813,2007-02-06 18:27:53,1,32.0631643498,5.23718178263
46195,272201,2007-03-15 01:19:25,1,32.13540558,4.2356961263
46195,273000,2007-03-12 22:34:18,1,32.5663919164,4.15914566902
46195,177141,2007-01-27 18:12:23,1,24.5821870499,6.44802216285
46195,249618,2007-03-08 06:35:09,1,31.821436619,4.30774817389
46195,195569,2007-02-03 00:14:49,1,31.642608404,5.35426307255
46195,10158456,2011-12-07 08:01:33,1,27.440422051601526,7.869870437978407
46195,238505,2007-02-23 02:32:48,1,30.8123526064,4.52730140546
46195,212206,2007-02-16 01:57:46,1,28.7458886111,4.93126214861
46195,243167,2007-03-01 19:51:21,1,31.3374644585,4.41778474338
46195,192268,2007-02-05 15:52:42,1,29.9995256115,5.60804834408
46195,249619,2007-03-04 23:28:20,1,31.6421258628,4.34779198129
46195,281332,2007-03-25 07:20:01,1,27.3250962931,3.80290417405
46195,216211,2007-02-21 17:09:15,1,30.2064174174,4.66740153305
46195,251691,2007-03-06 21:41:59,1,31.987961229,4.26379011453
46195,744570,2007-08-23 03:13:26,1,29.26460978,7.34653173927
46195,181850,2007-01-29 17:51:37,1,29.4012683942,5.73862329722
46195,238511,2007-02-23 17:33:40,1,30.3481489534,4.626605156
46195,175119,2007-01-18 23:57:28,1,22.376413973,7.43195680295
46808,185144,2007-01-29 19:48:49,2,33.6695784147,4.0362484997
46808,176503,2007-01-25 00:09:35,3,27.8622955154,5.52138144386
46808,176903,2007-02-03 18:42:11,3,30.0353567839,4.931424795
46808,191789,2007-01-28 23:13:56,2,32.7021989118,3.83371984983
46808,200745,2007-02-07 17:04:05,2,32.0635955882,3.32099196608
46808,200713,2007-02-07 21:09:55,3,33.0012494315,3.15796907276
46808,176629,2007-01-19 20:58:52,2,29.1849849084,4.6744491524
46808,191785,2007-01-27 22:20:36,2,34.5257759588,3.59118229439
46808,176639,2007-01-21 00:59:25,2,23.0823686128,7.47428695036
46808,182998,2007-01-25 02:25:08,2,32.3655435577,4.29371849596
46808,196634,2007-01-31 07:54:53,2,33.7951069295,3.5184088575
48190,222996,2007-02-13 02:49:29,2,32.1452516693,4.17823585241
48190,207458,2007-02-05 19:12:53,2,23.5233860478,5.68334347047
48190,260057,2007-03-04 12:33:08,2,32.1498614409,3.77873645184
48190,250832,2007-02-26 17:34:36,2,33.9927989727,4.60361751458
48190,304015,2007-03-30 19:21:41,2,32.5396258435,3.21396161755
48190,207195,2007-02-18 13:11:17,3,25.1737831829,6.19304864356
48190,239075,2007-02-24 01:02:43,2,31.7363458964,4.37150335462
48190,261912,2007-03-10 14:21:57,2,30.5993351367,3.36958320206
48190,300357,2007-03-23 10:04:14,2,33.7487196149,3.5371332574
48190,300345,2007-03-24 04:32:35,2,34.2874099379,3.42873387135
48190,183080,2007-01-25 12:50:02,2,21.4208213528,7.11466007517
48190,285055,2007-03-24 17:02:54,1,33.999646723,3.32277216757
48190,213256,2007-02-09 19:52:59,2,29.0228802823,4.71714368834
48190,239289,2007-02-20 19:16:21,2,29.8799176254,4.71089496829
48190,284981,2007-03-14 10:57:13,2,33.5884837423,3.39530719797
48190,261634,2007-03-06 11:46:47,2,33.2277937291,3.59814185242
48190,288628,2007-03-16 23:17:21,2,34.4505245512,3.23711742414
48190,290673,2007-03-17 00:19:31,2,33.0798116644,3.09113172258
48190,251244,2007-02-28 07:40:34,2,29.9597381725,4.16417765652
48190,269847,2007-03-12 01:41:39,2,32.1772432531,3.21723087296
48190,239332,2007-02-20 19:18:16,2,32.2949157124,4.2182609682
48190,212877,2007-02-12 21:09:04,2,27.5070561831,5.03505330741
48190,270106,2007-03-09 23:25:00,2,32.986289913,3.10412468895
48190,259262,2007-03-04 00:50:03,2,31.2438389491,3.9420204504
48190,213213,2007-02-28 18:48:02,1,31.527825411,4.33554287192
53327,207203,2007-02-03 16:00:11,2,27.5744648826,6.44605146553
53327,207007,2007-02-15 15:12:09,3,28.5517251521,6.7873031811
53327,221702,2007-02-10 02:33:07,1,28.0038282066,3.68908738753
53327,211579,2007-02-10 01:47:45,3,26.2475727782,4.78561124037
53327,221781,2007-02-10 03:29:21,1,28.8432772375,3.61475614251
53327,223100,2007-02-13 00:29:24,1,26.4128742434,3.37320745502
53327,221484,2007-02-15 00:50:48,2,29.176419467,3.86638328298
53327,207188,2007-02-06 00:44:27,2,28.4529834714,5.07936234963
53327,221856,2007-02-11 21:57:39,1,27.6096375319,3.48855192392
53327,207182,2007-02-08 22:46:45,2,26.2373555318,6.09124857696
53327,225267,2007-02-14 22:55:03,2,25.8606977865,3.27237179118
53327,215055,2007-02-10 21:10:34,3,29.4506468016,4.28555801266
54567,232550,2007-02-21 17:17:11,2,19.8048477702,4.46213509066
54567,215779,2007-02-12 12:32:05,1,23.4072118989,7.61420088554
54567,241478,2007-03-04 09:34:52,2,19.5112099209,4.36633872276
54567,246415,2007-02-28 23:07:29,2,23.8575384775,4.10763543814
54567,259006,2007-03-05 20:15:06,2,21.6983306923,4.26106252244
54567,226868,2007-03-16 18:41:02,2,19.8568397769,4.9583211403
54567,215781,2007-02-13 10:03:32,1,20.3612894603,6.75203996127
54567,227067,2007-02-15 15:56:37,2,22.2485679534,5.37859741612
54567,215782,2007-02-19 03:25:47,1,21.9326743157,5.90812926982
54567,232341,2007-02-23 15:15:56,2,20.7882889937,4.7217121714
54567,249877,2007-02-25 22:27:45,2,23.527180827,4.03311897887
54567,264080,2007-03-04 19:14:57,3,20.1673400417,3.99682931601
54567,229086,2007-02-15 01:32:54,3,19.0274542992,4.69590614787
54567,275010,2007-03-09 19:42:57,2,21.2555807203,4.44143806747
54567,221330,2007-02-11 22:29:36,2,22.919011923,5.1401206944
54567,215776,2007-02-09 23:05:02,1,21.7970154555,7.01743139774
53458,230784,2007-02-16 22:30:08,1,30.4269421844,4.66826562999
53458,224341,2007-02-18 11:38:28,1,29.6350507743,4.82851546296
53458,233302,2007-02-18 10:31:02,1,31.2696241103,4.44478951182
53458,238470,2007-02-25 17:14:14,1,31.6977929223,4.31407553203
53458,239008,2007-02-20 03:30:31,1,32.4655712573,4.16709563166
53458,2960424,2008-08-06 18:08:38,2,42.0000290954,6.80305188499
53458,213386,2007-02-10 05:53:17,1,26.2823540152,5.43018955791
53458,213059,2007-02-10 21:59:33,2,29.8172579936,6.12629836711
53458,218333,2007-02-15 14:58:15,1,27.4496175738,5.10034216827
53458,240246,2007-02-21 18:42:50,2,33.2869180647,3.97892024426
53458,254910,2007-03-02 04:09:21,1,33.9405887181,4.67149317405
53458,246775,2007-02-22 14:27:16,1,33.4605331085,4.09317263983
53458,2916908,2008-07-30 05:54:25,1,38.1956525149,7.22095520159
53458,223539,2007-02-11 04:46:14,1,28.8396046338,4.76073465844
53458,208246,2007-02-04 18:43:11,2,23.7268694768,7.72972503781
53458,211349,2007-02-06 16:15:46,2,28.6621140229,6.47102583106
51871,257615,2007-03-06 13:18:00,2,20.4074073718,4.18557222123
51871,209733,2007-02-14 20:47:55,2,26.7407776305,4.87413960079
51871,221667,2007-02-19 19:20:46,2,25.6690895616,4.68491579885
51871,257596,2007-03-02 00:24:40,2,20.7334893354,4.26207003323
51871,201644,2007-02-03 07:09:54,2,25.1447873346,5.87321207408
51871,243919,2007-02-25 23:36:18,2,21.229772968,3.98122134267
51871,200098,2007-02-18 13:20:48,2,26.7938223424,6.26937876326
51871,201987,2007-02-11 21:08:36,2,27.196820904,5.45532438401
51871,230854,2007-03-03 14:40:38,2,25.0435549872,4.51818804341
51871,200194,2007-02-09 14:31:05,3,19.6536941369,7.16359902417
51871,231207,2007-02-23 16:36:29,2,23.3810270547,4.30586392298
51871,243789,2007-02-27 13:32:02,2,21.7126424094,4.0997040776
57523,226661,2007-02-23 04:37:56,2,22.5290468421,7.6449279248
57523,227242,2007-02-16 21:22:47,1,22.8153463549,7.80056562831
57523,246575,2007-02-23 22:27:39,1,22.9568903486,6.63626693717
57523,2429541,2008-05-29 12:39:42,1,19.6824903682,7.53597329616
57523,251021,2007-03-02 21:48:05,2,20.9178652899,6.06844036041
57523,252811,2007-02-27 21:52:02,1,24.2504658837,5.58476930313
57523,275319,2007-03-09 13:00:08,1,23.4908798085,4.87704571161
57523,268598,2007-03-05 15:41:56,1,23.928739576,4.54966498449
57523,328286,2007-04-04 02:16:16,1,22.6684015697,6.52526922086
57523,2472922,2008-05-24 21:16:42,2,17.7682662074,6.93585037223
57523,265959,2007-03-06 13:35:07,1,25.7269050291,4.82212893483
57523,254016,2007-03-05 02:01:51,2,23.7124127332,5.45830190161
57523,260485,2007-03-02 14:42:21,1,26.5169283865,5.05457972192
57523,262382,2007-03-02 05:17:18,1,27.7424294897,4.82030415603
57523,246317,2007-02-27 02:11:41,1,20.5080098596,7.01229085264
50775,195161,2007-02-12 01:53:57,1,28.7026291618,4.41150889033
50775,195159,2007-02-13 16:25:06,1,26.4518644901,5.44006391972
50775,227312,2007-03-05 17:58:54,1,27.0284769063,3.81180974707
50775,238789,2007-03-07 15:15:54,1,28.4723032495,3.18485100824
50775,195160,2007-02-03 02:27:02,1,28.6516552967,5.96037217975
50775,212143,2007-02-14 14:35:15,1,27.5618734766,4.09978598707
50775,230719,2007-02-26 15:53:01,1,28.8147747997,3.56271922682
50775,195163,2007-02-17 02:50:49,1,27.5113317635,4.66201747478
50775,261597,2007-03-09 18:43:15,1,27.1599546803,3.02299312473
50775,233530,2007-02-27 23:23:05,1,29.1114980356,3.32555098687
57766,253076,2007-02-27 15:03:34,1,31.0436575119,3.9999747819
57766,254860,2007-03-01 13:08:27,2,31.1595065337,3.96696600023
57766,243304,2007-02-24 21:03:39,2,28.4562696098,4.90628173546
57766,239784,2007-02-22 17:35:57,1,25.5908965526,5.44373330189
57766,243665,2007-02-24 19:49:14,1,29.0512891824,4.77285566561
57766,251099,2007-02-26 20:05:19,2,28.2837924577,4.36217749103
57766,252963,2007-03-02 23:27:12,2,30.1824943754,4.14418823166
57766,234098,2007-02-20 14:17:13,1,24.27839353,5.74892340505
57766,231236,2007-02-15 20:52:43,1,18.8069719155,6.9631473653
57766,231264,2007-02-19 01:41:47,1,20.4789029684,7.51421758708
57766,231082,2007-02-17 11:32:18,1,25.0276214498,5.96559463494
57766,257367,2007-02-28 17:48:01,2,32.5216697095,3.80877420048
57766,248888,2007-02-24 13:16:59,1,27.4171991148,4.50681570918
57766,242998,2007-02-23 23:03:06,1,26.8881504182,5.16068544744
57766,231437,2007-02-20 14:15:02,1,22.8533354656,6.36897222392
59334,239866,2007-02-20 17:25:55,2,28.1414489339,5.05984913517
59334,250994,2007-03-02 08:54:36,2,27.370921223,3.78502838255
59334,241824,2007-02-23 04:04:10,2,26.8549258754,4.72169157287
59334,248522,2007-03-06 12:08:46,2,28.1224067933,4.06134117304
59334,274208,2007-03-11 10:08:40,1,26.1458493453,3.48840919695
59334,266979,2007-03-07 22:35:44,1,27.2021356889,3.60821430887
59334,277571,2007-03-15 17:00:07,2,25.7844377807,3.44103823383
59334,235201,2007-02-19 18:09:02,2,28.4040143303,5.92698208253
59334,237816,2007-02-23 02:40:16,3,29.0823711217,5.28126409146
59334,289688,2007-04-01 04:57:48,1,23.364879913,3.62007175751
59334,244080,2007-02-27 16:40:39,2,28.3101227994,4.10359634314
59334,241929,2007-03-21 01:46:35,3,28.656737509,4.18078733956
59334,289088,2007-03-23 00:53:01,2,23.9276499071,3.6946882434
59334,260846,2007-03-05 18:38:29,1,27.7436454106,3.71412633111
59334,277695,2007-03-11 22:14:02,1,24.7840311733,3.34726975746
51193,200497,2007-02-03 08:03:13,2,25.6170214924,5.30308040513
51193,209613,2007-02-11 23:49:33,3,26.4634320865,3.60718227893
51193,200194,2007-02-09 14:33:24,2,23.6904253725,6.39177832931
51193,208177,2007-02-07 08:07:14,2,28.0701961247,3.8936444822
51193,202910,2007-02-02 02:36:56,2,28.8165448433,4.90092620267
51193,206736,2007-02-04 19:35:21,2,29.0175697404,4.07805447984
51193,213052,2007-02-08 22:47:24,2,25.65410886,3.50376634863
51193,203181,2007-02-02 11:28:56,3,29.7119952123,4.24989858708
51193,196381,2007-01-31 01:01:47,2,20.8497804991,7.40860319588
51193,209115,2007-02-03 22:44:49,3,27.0159179972,3.6884660284
63119,263999,2007-03-28 18:52:55,2,19.5478434649,7.36804183304
63119,325868,2007-04-05 02:47:10,2,17.5648316695,5.02261890852
63119,292163,2007-03-26 04:42:37,3,19.7489740491,5.06844336528
63119,325872,2007-04-07 14:10:47,2,19.0039744127,5.58973128091
63119,266511,2007-03-11 02:37:15,2,22.6529389978,6.27038512516
63119,254943,2007-02-27 21:33:43,2,22.9674109794,7.6602926534
63119,281241,2007-03-20 01:45:55,2,21.3192474828,5.92232049006
63119,281918,2007-03-18 11:45:20,2,20.3062622968,5.65983686639
63119,325869,2007-04-05 02:48:39,2,18.4237364677,5.3633946426
63119,325867,2007-04-04 02:41:14,2,17.9546941401,5.17810818816
63684,350724,2007-04-23 16:22:10,2,20.2083436899,4.5201745161
63684,345187,2007-04-23 15:24:00,2,22.2031711706,4.90826834404
63684,416796,2007-05-13 16:33:49,1,22.2266270811,4.60860401386
63684,327757,2007-04-09 02:57:46,2,20.9845543088,5.62969738398
63684,385481,2007-05-02 22:04:31,2,25.3507505127,3.90080076881
63684,414732,2007-05-15 18:55:58,2,23.4505850174,4.82980920986
63684,360670,2007-04-20 12:17:04,2,21.3447849944,4.27797998008
63684,439189,2007-05-22 20:38:16,2,19.5051425464,4.16838595348
63684,377751,2007-05-06 18:30:42,2,26.6099088083,4.03231199651
63684,258098,2007-03-20 00:07:03,3,20.7558228544,7.2733476325
63684,311331,2007-03-31 23:58:46,3,14.4180922497,6.13643055162
63684,360925,2007-04-18 21:04:09,2,20.5110436265,4.14421812615
63684,300910,2007-03-22 19:57:48,2,18.786821389,6.70002934639
63684,378294,2007-05-07 10:53:38,3,24.6727037255,4.24683850203
63684,327638,2007-04-12 03:29:14,2,20.7624948981,5.54356844714
63684,336765,2007-04-10 20:59:34,2,23.6821499748,5.22626343382
63684,415776,2007-05-14 06:19:42,2,23.3203605442,4.09628431587
63684,351138,2007-04-14 16:42:49,2,21.827167869,3.97402209257
63684,382798,2007-04-30 21:38:36,2,23.6119040519,3.74243405659
63684,438928,2007-05-24 05:09:37,2,22.1029204462,4.57330729769
64393,303251,2007-03-21 19:33:31,1,27.87666512,4.19099563919
64393,270716,2007-03-06 00:29:09,1,27.1591849675,6.13321091671
64393,298613,2007-03-29 22:52:27,2,25.0594789321,4.50337974014
64393,312266,2007-03-29 01:05:26,1,28.3671697867,4.02340164784
64393,286310,2007-03-17 21:06:20,1,25.950544156,4.8735571139
64393,261956,2007-03-17 22:23:00,2,22.5311044202,7.69755044272
64393,273263,2007-03-11 00:56:57,1,28.5582931951,5.90641418542
64393,312267,2007-03-24 02:04:10,2,27.7691656283,4.12646101658
64393,265089,2007-03-18 15:35:14,1,28.8223769244,6.59091162411
64393,284717,2007-03-16 00:27:57,2,23.4716955673,5.34242198585
64393,275606,2007-03-09 02:49:21,1,26.1325689633,5.37904855738
64393,262366,2007-03-04 16:31:18,2,25.8841768258,6.99433039172
64393,300145,2007-03-23 18:25:47,1,26.6676879566,4.34698153273
64393,298420,2007-03-23 00:22:20,2,23.5639807919,4.61876614234
64393,308521,2007-03-24 18:25:48,1,27.1127640593,4.26715899466
65919,285690,2007-03-16 23:46:06,1,24.8547730698,4.6478926471
65919,270376,2007-03-09 14:20:49,2,20.587300724,7.60913943402
65919,298623,2007-03-22 21:36:08,1,23.1680205196,4.55459256813
65919,298884,2007-03-22 21:15:26,1,24.7670396326,4.78347885228
65919,282149,2007-03-12 23:46:46,1,26.3788698254,5.08494703218
65919,282344,2007-03-12 22:06:43,1,23.6649756032,4.77484290895
65919,273731,2007-03-07 00:50:29,1,19.9281171072,7.30970131265
65919,275882,2007-03-09 02:01:33,1,23.6862383539,6.72143122656
65919,305924,2007-03-23 20:32:48,1,24.6185395077,4.347493689
65919,310152,2007-03-27 23:23:23,1,25.8780666499,4.16852312344
65919,290985,2007-03-16 21:48:06,1,23.7856224278,4.45340166672
65919,278384,2007-03-13 04:12:35,1,23.8552003287,5.46871054577
66515,278564,2007-03-21 23:27:35,3,29.6153431723,4.41524086232
66515,287937,2007-03-19 21:53:59,3,31.6717718418,4.05959683726
66515,321454,2007-04-03 20:12:41,3,30.3247459376,3.52150454777
66515,321456,2007-04-03 20:13:09,3,29.2913400925,3.41726282036
66515,772811,2007-08-25 23:06:09,2,27.6106982628,7.63538999669
66515,311501,2007-04-02 20:19:37,2,31.5127860828,3.77240275136
66515,275880,2007-03-08 01:18:20,2,23.0804238892,5.27272580816
66515,275874,2007-03-12 02:18:50,2,27.0273295858,4.79700394932
66515,273792,2007-03-14 21:38:07,2,26.3162976213,7.15699967421
66515,311371,2007-03-30 02:38:45,2,31.1818222878,3.6191101591
66515,299561,2007-03-25 23:12:02,2,32.7434099093,3.94516516767
66515,300503,2007-03-28 12:26:20,2,32.0148671427,3.85313474678
66515,275447,2007-03-09 22:14:43,3,24.7805009919,5.73850482196
67044,362922,2007-04-22 13:24:21,2,25.2772312715,4.85685717988
67044,277575,2007-03-12 16:31:46,2,22.5097299081,7.69027466419
67044,314661,2007-04-15 20:52:55,1,23.1509203299,6.07740690158
67044,336795,2007-04-08 10:17:27,1,24.4465526885,5.37919704937
67044,349164,2007-04-15 10:31:46,2,25.9905904606,4.65063789996
67044,363561,2007-04-25 13:23:11,1,26.7158157972,4.51676809639
67044,387188,2007-05-02 10:25:23,1,27.4391083355,3.9485492857
67044,402362,2007-05-21 01:33:07,3,26.3208237175,3.725499031
67044,339058,2007-04-14 07:03:58,2,23.0352741262,4.98878931926
67044,362693,2007-04-21 16:42:52,2,25.0178585413,4.7714084321
67044,389035,2007-04-28 15:30:19,1,26.5163856267,4.09705859644
67044,278959,2007-03-14 10:08:32,2,20.4548531424,7.1931233709
67044,286864,2007-03-28 22:05:40,2,19.6154852898,6.92135672216
67044,302407,2007-03-22 09:46:59,2,16.9979935237,6.2060665921
67044,409741,2007-05-09 01:17:36,2,26.8845358518,3.3912582596
67044,325350,2007-04-04 09:10:21,2,26.2352944519,5.49513745458
67044,314572,2007-04-06 09:03:03,1,24.3456017309,5.8649127368
67044,384678,2007-05-03 18:27:09,1,27.8636999499,4.33265081272
67044,291440,2007-03-19 21:38:45,2,17.962850626,6.44833086739
67269,323298,2007-04-04 15:00:50,2,27.1755010495,2.80131223012
67269,278996,2007-03-15 14:40:12,2,23.6037855145,7.86607843185
67269,361157,2007-04-26 20:51:19,2,28.4152142295,2.42252131029
67269,320255,2007-04-03 19:22:41,2,25.8843282698,2.89795986827
67269,336795,2007-04-08 17:02:11,2,27.8221982927,2.62225411696
67269,354455,2007-04-12 09:16:22,1,27.4361567843,2.46593016952
67269,371556,2007-04-22 20:03:37,2,27.4129277672,2.35277980776
67269,345748,2007-04-13 16:22:06,2,27.2981478831,2.57848927121
67269,285246,2007-03-20 06:37:28,2,32.7852434373,5.04630892313
67269,278600,2007-03-18 10:21:00,2,28.3859585426,7.23940936093
67269,369854,2007-04-26 12:54:37,2,27.9445645629,2.38503141918
67269,301288,2007-03-23 10:05:52,2,27.5047685961,3.72656249829
67269,360083,2007-04-17 06:35:17,3,28.2386544019,2.44963035196
67269,301752,2007-03-22 19:51:12,2,28.4915523735,3.83985913362
67269,311465,2007-03-28 18:06:40,2,26.2837026264,3.16480885717
67269,304906,2007-03-25 13:44:37,2,29.0813824661,3.51856346144
67269,278952,2007-03-11 16:39:24,2,29.8846726934,5.5667058503
67269,299838,2007-03-27 01:18:30,2,30.0723831886,4.10066695359
67269,346259,2007-04-14 18:16:41,2,26.8911455908,2.52228303658
67269,356309,2007-04-18 15:35:05,2,27.9135178555,2.55281238038
67269,279025,2007-03-15 07:18:52,2,32.5088322718,6.24372965996
67269,294248,2007-03-19 11:41:35,2,29.803055313,4.59054030823
67269,336416,2007-04-08 10:16:41,2,27.4359321868,2.65370756417
67269,331673,2007-04-10 18:18:49,2,28.0964157047,2.73196539227
67269,294490,2007-03-19 02:06:59,2,31.4463414717,4.30962660665
67269,353358,2007-04-27 14:34:30,2,26.9731167925,2.62064053068
67269,315164,2007-03-31 20:16:51,2,27.1484166431,3.04367056234
67269,310462,2007-04-15 15:43:12,3,27.6041150282,3.30435131587
67248,372284,2007-04-25 14:15:44,1,27.4225241329,2.78131254382
67248,329872,2007-04-05 20:13:15,2,29.5575419497,3.1550351361
67248,297515,2007-03-27 02:52:47,2,32.5132932743,4.93122470034
67248,307658,2007-03-24 15:39:09,2,31.5694200549,4.17266794421
67248,339331,2007-04-09 15:12:21,2,27.3169142316,2.9215108815
67248,356309,2007-04-18 15:35:05,2,28.4697591956,3.00773077064
67248,314011,2007-03-27 20:53:20,2,30.6327630742,3.78383037905
67248,338367,2007-04-12 09:30:49,2,28.5835435167,3.0401055053
67248,321880,2007-04-05 07:53:14,1,30.6917512492,3.34008719499
67248,279001,2007-03-17 07:05:35,2,26.9673861124,7.06595375637
67248,296678,2007-03-22 10:36:41,2,33.4984260983,5.10373318265
67248,354455,2007-04-12 09:15:34,2,26.8594653163,3.12515630811
67248,319187,2007-04-01 06:17:18,2,31.1774122258,3.4912593891
67248,338435,2007-04-08 21:09:46,2,28.1299588318,2.85754722273
67248,353358,2007-04-28 08:42:57,2,27.1334364898,3.12443587698
67248,320905,2007-04-05 21:48:37,2,30.3584741248,3.38836571412
67248,293666,2007-03-21 21:24:25,2,32.2233709203,5.35569819345
67248,370354,2007-04-25 05:25:11,2,26.6767403827,2.84054071773
67248,327828,2007-04-02 18:22:13,2,30.0827859733,3.22835172634
67248,333249,2007-04-11 18:51:16,2,28.8727137461,3.08372110404
67248,279012,2007-03-14 23:15:58,2,35.7026977619,5.8815224071
67248,279392,2007-03-20 13:25:33,2,28.1400732758,7.42133545689
67248,304912,2007-03-26 14:19:16,2,34.5337147437,4.53512758754
67248,278866,2007-03-16 16:32:28,2,31.0860646548,6.51199061617
67248,349282,2007-04-18 14:45:10,2,27.7629793676,3.24827353606
67248,317749,2007-03-31 02:30:17,2,31.8322504012,3.58706192737
67248,354654,2007-04-17 19:47:51,2,27.8060145469,3.23116961258
67248,309391,2007-03-28 11:16:32,2,32.5897947863,3.96801028588
67248,373433,2007-04-22 02:45:15,2,27.231320286,2.88605497444
69302,362165,2007-04-20 15:40:57,1,11.6328394429,5.98671595933
69302,350110,2007-04-19 01:20:06,1,12.4462097971,6.28816760713
69302,351045,2007-04-23 03:32:50,1,12.2282987855,6.20819182019
69302,384365,2007-04-30 11:14:33,1,14.7451804655,4.95600590336
69302,329702,2007-04-18 21:16:29,1,20.8342765203,7.90540496686
69302,291527,2007-03-23 15:47:31,3,22.3104086998,7.45072950756
69302,384367,2007-04-29 02:54:31,1,17.6202562183,5.61107137851
69302,296264,2007-03-27 10:35:19,1,21.4751636574,7.19728348455
69302,330087,2007-04-09 21:20:26,2,19.6039352884,7.53800547985
69302,384363,2007-05-08 23:28:09,1,16.2301821457,5.23529019948
69302,378650,2007-04-29 22:13:08,2,18.5751317012,5.85111691436
69302,349010,2007-04-14 20:43:18,1,14.781049407,6.71766442292
69302,414749,2007-05-15 15:58:42,2,14.613441485,6.11126902866
70270,322154,2007-04-06 18:47:59,2,26.1198473981,3.95972924453
70270,321537,2007-04-02 09:54:10,1,26.4535609467,4.0150846209
70270,318683,2007-03-27 18:23:24,1,25.0567957343,5.06892125138
70270,296704,2007-03-26 20:58:55,2,23.2397872774,6.78809101901
70270,319268,2007-03-28 04:35:54,1,28.3813315425,4.5937598423
70270,297758,2007-03-22 17:12:15,2,22.6393224866,6.53360054717
70270,302559,2007-04-01 18:32:30,2,21.970873087,5.62876361328
70270,320504,2007-03-30 19:24:51,1,26.698998473,4.36674536311
70270,297268,2007-03-19 13:15:19,2,21.9619105195,6.31534202346
70270,296573,2007-03-27 02:14:33,3,23.9047764919,6.98702602794
70270,310570,2007-03-28 21:50:45,1,25.4390858517,5.17196971927
70952,378285,2007-04-27 03:38:05,1,30.0572187018,4.32917273037
70952,325649,2007-04-09 11:25:28,1,26.9341929411,5.58458634329
70952,308876,2007-03-26 21:11:39,1,22.515576574,5.41034559712
70952,342726,2007-04-20 09:02:03,1,29.4030127976,5.06842183771
70952,363240,2007-04-22 08:58:18,1,27.6897788697,4.73864238158
70952,326002,2007-04-04 05:15:47,1,28.3101254682,5.30131007056
70952,302004,2007-04-01 05:55:20,1,22.9086102369,7.68343929279
70952,349885,2007-04-15 15:23:14,1,31.0595677359,4.81154756387
70952,303865,2007-04-18 16:45:57,2,25.0320938016,5.82124142299
70952,334338,2007-04-08 04:19:38,1,28.9845101089,5.16978728773
70952,302201,2007-03-24 05:21:59,1,24.9021711571,7.06427663132
70952,362094,2007-04-21 17:43:37,1,28.3904933488,4.88884203105
70952,382166,2007-05-05 05:05:52,1,28.5223627385,4.13908675589
70952,375368,2007-04-29 03:20:01,1,29.002004169,4.51930363335
73527,385228,2007-05-01 23:06:28,2,25.3619478037,3.7027049817
73527,320163,2007-04-17 22:52:17,2,20.7259275829,7.16079698515
73527,350418,2007-04-18 18:51:06,3,20.1503412,5.07180822344
73527,377336,2007-05-01 22:08:23,3,26.2658290141,4.22903243868
73527,327110,2007-04-04 00:46:16,2,18.0817705705,6.56945723183
73527,335338,2007-04-30 19:31:45,3,21.2949157766,5.3242059884
73527,371690,2007-04-21 19:24:51,2,20.6030295527,4.71372942487
73527,353295,2007-04-24 21:22:26,2,21.5628245752,4.8838361421
73527,327385,2007-04-03 19:45:04,2,16.4863678823,6.15927829401
73527,334540,2007-04-11 07:16:41,2,16.0126793983,6.10663818866
73527,395413,2007-05-16 00:37:36,1,23.6769826193,3.46312580951
73527,378131,2007-04-26 23:51:04,2,25.5642209832,4.09755508695
73527,325708,2007-04-08 19:26:20,2,20.3815364386,7.02250287959
71476,327617,2007-04-09 01:34:05,2,20.9486290004,5.89622702804
71476,471210,2007-06-12 10:13:26,1,25.9631561216,3.10313121076
71476,388026,2007-05-11 15:49:51,2,27.5309037144,3.10743953064
71476,441922,2007-05-30 18:59:03,1,25.7506154369,2.59272739364
71476,471243,2007-06-06 13:41:51,1,25.7647582601,3.0672817046
71476,351115,2007-04-18 13:44:38,1,26.366767521,3.8003501582
71476,327205,2007-04-11 08:26:56,3,21.3497883941,6.00397027107
71476,307360,2007-03-31 01:33:32,2,20.6051336229,7.13990698813
71476,304098,2007-03-31 16:03:10,2,22.1751700101,7.60226193446
71476,379259,2007-05-05 19:09:55,2,26.3812478307,3.39062042631
71476,412009,2007-06-13 01:53:46,1,27.9673897625,2.83321426692
71476,447268,2007-05-30 11:04:07,1,25.7600662239,2.50794517733
71476,345774,2007-04-20 16:29:42,1,19.9000381706,4.77139462542
71476,389530,2007-06-23 15:47:16,1,26.4496369199,2.96488706496
71476,518372,2007-06-22 18:37:40,1,26.2809532732,3.00634109965
71476,369753,2007-04-24 22:22:02,2,25.9527157053,3.80058504756
71476,519726,2007-06-23 15:58:08,1,26.4714510848,2.83226466232
71476,345860,2007-04-23 22:08:23,3,20.0755850531,4.82123980422
71476,423730,2007-05-21 18:33:22,1,25.8631320186,2.61036812501
71476,306238,2007-03-31 15:30:31,2,21.7081922932,7.42664167391
71476,412057,2007-05-14 19:39:55,2,27.0236266999,2.71601269226
71476,327635,2007-04-09 01:28:02,2,20.0969082091,5.62960797558
71476,307379,2007-04-02 13:27:40,2,20.0389403252,6.88738258204
71476,373799,2007-04-26 17:19:41,2,25.4552410923,3.70561139852
71476,386524,2007-05-05 22:55:44,1,25.6168734945,3.29612661807
71476,347892,2007-04-17 02:48:25,2,25.4821488072,4.16683440396
71476,332447,2007-04-09 23:54:50,2,18.7925826267,5.41375076551
71476,493478,2007-06-19 22:10:54,1,26.7172085278,3.06395575033
79259,372192,2007-04-24 23:38:36,1,30.55997682,5.23163410138
79259,371556,2007-04-22 20:03:37,1,29.891084061,4.43155672131
79259,380908,2007-04-24 19:46:30,2,25.4623624409,3.89277168245
79259,352799,2007-04-14 14:51:59,1,23.6255509711,7.85484166257
79259,352595,2007-04-17 14:39:49,1,24.3216986862,6.93227147189
79259,370170,2007-04-20 17:11:14,1,29.1518809584,3.98832064794
79259,383071,2007-04-29 23:46:41,1,24.4894960516,3.7540967976
79259,352860,2007-04-16 16:20:13,1,22.571793934,6.4587830391
79259,360148,2007-04-17 21:37:15,1,28.8945536642,5.37894879047
79259,370173,2007-04-22 06:10:36,1,27.8348041513,4.69271493783
79259,378422,2007-04-25 07:12:06,1,28.4937898763,4.26411608162
79259,352887,2007-04-16 03:46:34,1,26.3626157748,7.2959589629
70845,343076,2007-04-12 20:30:31,2,29.2924997492,5.46292688699
70845,463421,2007-06-04 18:07:34,2,34.6377834258,5.42355826073
70845,375624,2007-04-25 16:49:28,2,31.4829488414,4.23353089791
70845,388457,2007-04-30 16:42:51,2,31.4437328839,4.11897615551
70845,472562,2007-06-06 01:50:45,2,32.4236355558,5.03747524135
70845,300996,2007-03-24 23:58:34,2,22.4216570937,7.50487708489
70845,390319,2007-05-13 09:17:45,2,34.046652701,4.36727066984
70845,342281,2007-04-20 10:21:39,1,31.9279440512,5.95474352988
70845,369994,2007-04-20 21:28:53,2,33.7839584442,4.49628612085
70845,327782,2007-04-12 06:50:27,2,31.1513158457,6.2417908905
70845,376349,2007-04-26 11:33:03,2,32.32624081,4.08904342634
70845,388992,2007-05-07 05:37:28,2,32.2503599452,3.98555858942
70845,378471,2007-04-24 08:40:35,2,32.9922905769,3.96540719381
70845,355202,2007-04-16 18:52:27,2,31.625605615,4.92682992509
70845,318320,2007-04-07 07:52:04,2,27.8688101018,6.95379289592
70845,336845,2007-04-12 19:04:04,1,31.5295054692,6.10956423752
70845,356401,2007-04-18 10:03:53,2,32.7734420536,4.69296261611
70845,353812,2007-04-20 12:36:14,2,30.5686750529,5.1691646577
71535,304923,2007-03-26 19:43:06,2,24.1712214159,7.98256053056
71535,325213,2007-04-03 02:35:35,2,21.049053997,4.47095168372
71535,318041,2007-04-09 02:11:15,2,22.6523222032,4.80280028687
71535,316637,2007-03-28 19:34:16,2,22.4101277365,5.10511580717
71535,372138,2007-04-22 19:37:43,2,21.8958906732,3.50301300271
71535,305067,2007-04-13 16:12:39,2,27.1087143245,5.5925169828
71535,332796,2007-04-20 03:43:31,3,17.9928152597,4.10964866974
71535,305286,2007-03-30 12:34:42,3,31.1082366,6.53099335039
71535,338296,2007-04-16 16:40:39,2,20.8584601963,3.7160480673
71535,346354,2007-04-20 14:34:10,2,22.2653942057,3.58908028193
71535,304563,2007-03-26 05:39:39,1,22.8271815859,5.04526214848
71535,325091,2007-04-04 23:08:28,2,20.8735622174,4.41614890151
71387,307532,2007-03-29 11:21:59,1,22.857307874,5.71019046619
71387,307339,2007-03-24 19:25:00,1,25.0856931422,6.20418156802
71387,325017,2007-04-02 04:51:15,1,24.8435256809,3.77515938838
71387,305268,2007-04-03 00:17:55,1,29.7148049135,6.92313958376
71387,323794,2007-04-05 02:21:13,1,24.0559288531,4.21270648353
71387,314480,2007-03-28 02:58:07,1,19.6386319519,4.8961186198
71387,321457,2007-03-29 17:12:27,2,22.7462126131,4.36000426431
71387,320129,2007-03-31 18:48:46,2,23.7502516251,4.5408082624
71387,309727,2007-03-25 16:56:09,1,21.0342098534,5.26293746732
71387,316899,2007-03-27 11:40:28,1,22.4143142045,4.57740489177
71387,305320,2007-03-22 14:58:01,1,28.0571666679,7.30774401737
71545,328164,2007-03-31 23:43:43,2,31.6237749363,4.10967041612
71545,385663,2007-04-27 01:07:54,2,34.7203391923,4.77579157747
71545,328148,2007-03-31 01:28:32,1,31.1500843505,4.14740501034
71545,393071,2007-04-29 00:02:38,2,27.7014220059,3.76996153838
71545,320630,2007-03-30 02:02:06,2,27.6725793872,4.3103688828
71545,336383,2007-04-04 04:44:28,2,33.434770945,4.37519084514
71545,316440,2007-03-28 13:28:36,2,27.5727480504,5.10261450438
71545,340830,2007-04-06 03:02:55,3,32.5985793852,3.67843120504
71545,390564,2007-04-29 23:32:49,2,28.8237331109,3.97943942183
71545,310408,2007-03-25 22:00:25,2,31.0041670115,6.39433510317
71545,312587,2007-03-25 21:51:23,2,25.3774493489,5.56336923949
71545,321103,2007-03-28 00:36:35,2,28.9449856857,4.12917486266
71545,329960,2007-04-02 00:27:06,2,32.4348665959,3.98408703328
71545,321400,2007-03-29 19:18:53,2,29.9893127251,3.94294102192
71545,305725,2007-03-23 22:08:36,2,29.0530337651,7.06671051895
71545,316507,2007-03-30 10:05:43,2,25.0143475814,4.68282150815
71545,337841,2007-04-06 00:23:20,2,34.3899164359,4.10856965663
71545,338047,2007-04-06 02:54:46,2,34.912356046,3.97651887713
71545,388101,2007-04-25 00:05:15,2,34.5240892294,4.8340020624
71545,385465,2007-04-25 02:02:34,2,33.7800249485,5.04652834711
71545,390110,2007-04-30 00:19:42,2,31.2707142874,4.31446099731
71545,336031,2007-04-05 05:20:32,2,34.0736898349,4.21061956149
71765,306703,2007-04-03 14:20:03,2,21.7991283818,5.52634996494
71765,337289,2007-04-14 17:29:43,2,19.1423291442,4.89268558454
71765,324953,2007-04-09 16:23:52,3,19.783153495,5.12413521027
71765,306761,2007-03-29 19:52:09,2,22.0056319639,5.61144992262
71765,306428,2007-03-27 13:36:37,3,25.6227291529,6.45421462944
71765,306627,2007-04-03 10:44:11,2,23.9747773399,6.01941196472
71765,1751297,2008-02-21 19:38:40,2,21.5228572442,7.07909106035
71765,320870,2007-04-11 18:53:20,2,21.2467195485,5.39211023394
71765,336916,2007-04-16 07:48:20,2,19.2595360127,4.93879467347
71765,1745767,2008-02-19 10:28:51,2,22.7367277177,7.60733387779
71765,1747010,2008-02-16 00:05:45,2,21.9440977706,7.25044920209
93139,482444,2007-06-03 03:14:55,2,29.6485298559,6.22292558701
93139,507512,2007-06-09 21:05:09,1,32.7075998818,6.52121734302
93139,1907732,2008-02-28 00:53:49,1,32.9269971519,6.99124015918
93139,510683,2007-06-10 22:08:58,2,28.2607180006,6.15492334088
93139,466544,2007-05-28 23:27:59,2,33.8157212359,5.9252401599
93139,439752,2007-05-24 00:51:26,1,30.4291232369,7.42779905982
93139,464728,2007-06-07 05:22:32,2,32.4519800318,6.20883748982
93139,1672702,2008-01-27 02:48:30,2,27.9966015964,7.71007164632
93139,448518,2007-05-26 18:23:35,1,28.0754988389,6.39517632897
93139,443697,2007-05-20 03:33:41,2,32.1596533822,6.95069232721
93139,596535,2007-07-04 04:34:19,2,25.1105780002,7.28013364907
93139,434797,2007-05-15 02:43:42,2,27.9103579567,7.5582156296
96767,646127,2007-07-27 10:35:35,1,33.5142355215,3.5676349097
96767,589339,2007-07-04 19:26:07,1,37.5785474047,4.58431658845
96767,507318,2007-06-14 21:04:04,1,32.9052344792,4.31746324206
96767,506005,2007-06-13 04:13:52,1,37.3882276589,5.67716242384
96767,535130,2007-07-06 04:09:14,1,35.0210630143,4.3692730167
96767,506003,2007-06-11 18:44:19,1,38.7171151952,5.25535283454
96767,589340,2007-07-11 11:53:43,1,38.419506557,4.47443203369
96767,459201,2007-06-02 06:52:29,1,32.5014493446,6.12066484538
96767,618494,2007-07-16 16:17:56,1,35.4693395674,3.95262915165
96767,506010,2007-06-17 11:57:21,1,35.9497558733,4.76564614608
96767,646126,2007-08-03 21:02:37,1,32.9884415383,3.30685156437
96767,535129,2007-06-25 04:07:34,1,34.1981361201,4.63197019243
96767,618496,2007-07-17 17:38:07,1,32.4681123713,3.61328862684
96767,646124,2007-07-29 09:07:33,1,32.9336951018,3.69690404179
96767,459235,2007-06-08 09:19:31,1,29.6242038187,6.93001783604
96767,459231,2007-05-31 22:36:52,1,34.6018771149,5.52931738702
96767,459229,2007-06-02 16:55:17,1,35.4770078017,5.22635965682
96767,618489,2007-07-14 19:35:16,1,35.0047884064,4.06927835957
96767,535127,2007-06-27 06:58:44,1,35.368121578,4.25686779805
96767,589343,2007-07-04 07:46:43,1,36.6204185441,4.85799372185
107020,685087,2007-08-01 02:51:14,1,29.8904874289,3.52730266718
107020,729176,2007-08-13 22:24:37,1,31.8980185388,3.4343604632
107020,639524,2007-07-19 20:19:21,1,27.1052092086,4.23753017852
107020,583041,2007-07-05 19:44:21,1,21.7497302871,7.21262416062
107020,727799,2007-08-14 11:34:31,1,31.0248762077,3.33907317118
107020,602452,2007-07-26 11:05:58,1,28.8250361241,4.91872358858
107020,678463,2007-08-13 03:01:12,1,29.4962842416,3.41164286543
107020,718901,2007-08-12 12:32:11,1,31.0680856386,3.53684433573
107020,718903,2007-08-08 17:18:28,1,31.9786919412,3.64262340928
107020,673102,2007-07-28 08:15:57,1,30.417490073,3.51178802449
107020,688444,2007-08-05 02:18:57,1,30.4404721575,3.44607425302
107020,603074,2007-07-11 02:15:54,1,25.9243180603,4.42129229263
107020,653458,2007-07-21 13:11:22,2,26.5743056442,4.17908116212
107020,681158,2007-07-27 02:22:11,1,28.9081151203,3.30088062727
107020,625064,2007-07-15 20:01:59,1,24.7514280987,4.61849192366
107020,580256,2007-07-05 23:14:24,1,28.3087373755,5.90247971612
107020,702519,2007-08-05 12:26:21,1,31.5026369517,3.34257127108
107020,655861,2007-07-24 10:19:33,2,28.7162916911,3.85192960529
107020,636523,2007-07-20 02:18:44,1,26.0506183272,4.41786288771
107020,662393,2007-07-25 18:14:35,1,29.4914536279,3.69605062789
178421,1863477,2008-03-05 00:14:19,1,36.8522375925,4.48147824642
178421,5363275,2009-08-28 02:59:40,1,28.9149982307,5.93611784203
178421,5419455,2009-08-16 05:44:19,1,27.9002598549,6.19819258794
178421,1638258,2008-01-30 22:18:49,1,29.365373181,6.99500184794
178421,5500223,2009-09-14 20:55:16,1,25.4633863571,3.66445856951
178421,1818686,2008-02-26 22:02:55,1,35.8956017698,4.61985241964
178421,5499142,2009-09-14 18:16:43,1,24.4918119579,3.46366311515
178421,5363278,2009-09-07 18:30:06,1,24.1921303927,5.02755619849
178421,5172069,2009-07-27 17:58:42,1,32.0121164832,7.32437188323
178421,1638254,2008-01-29 23:16:33,1,32.8105303721,5.98035329411
178421,5500220,2009-09-06 22:30:44,1,23.5658437888,4.05414527188
178421,5446627,2009-08-27 22:48:38,1,24.6193771481,4.28107518279
178421,5551619,2009-09-11 12:20:50,1,24.9854339086,3.54789241642
178421,5363281,2009-08-25 00:07:56,1,22.6740382968,4.64132064472
178421,1824469,2008-02-22 03:18:44,1,34.4610428819,4.99151975189
178421,5172072,2009-07-24 16:15:37,1,28.3209399109,6.54159316562
178421,5276848,2009-07-21 23:03:15,1,23.6321301951,5.39349969628
178421,1731363,2008-02-19 14:29:04,1,37.995114389,5.80011489076
178421,5172074,2009-07-18 12:34:08,1,25.3978505577,5.92402762089
178421,1780383,2008-02-22 17:10:49,1,38.4966846034,5.65066621263
238448,2957707,2008-08-13 05:02:34,1,19.6441829292,5.96613516819
238448,3472527,2008-10-19 19:50:10,1,29.3040689171,2.96167792272
238448,3269113,2008-09-23 20:34:32,1,26.7382571504,3.08973706051
238448,2876010,2008-08-11 00:59:46,1,22.5405986523,6.49028231653
238448,3044022,2008-08-25 16:31:13,1,23.3706489371,4.75813196438
238448,2876019,2008-07-31 20:30:57,1,24.5785314653,8.07317758779
238448,3010130,2008-08-23 07:25:04,1,17.7396785828,5.5869294771
238448,3071483,2008-09-03 20:14:00,3,24.7811310974,4.19606234387
238448,3144613,2008-09-09 00:20:28,1,25.746675502,3.64257657056
238448,3144616,2008-09-07 14:09:01,1,23.5902760289,3.91121145757
238448,2876007,2008-08-08 13:54:02,1,23.6946301543,7.02157776585
238448,2881265,2008-08-08 17:04:45,1,22.1534689099,7.39006076733
238448,3372583,2008-10-24 05:57:25,1,28.4511878696,3.0759282519
238448,3021231,2008-08-31 11:16:29,1,20.9117713476,5.12499132913
238448,3249306,2008-09-17 20:08:43,1,26.2672861133,3.28777035239
238448,3071482,2008-08-28 06:19:47,2,24.3328607434,4.09135555987
238448,3385427,2008-10-19 13:26:37,1,27.5786531206,3.16794321285
238448,3472566,2008-10-22 20:11:39,1,28.5247579348,2.86188573466
238448,3249325,2008-10-04 14:20:49,1,27.2771723607,3.18726034271
238448,3171808,2008-09-16 19:08:33,1,27.2338312207,3.43998338514
249600,3043934,2008-08-16 03:30:39,2,31.3753834928,7.19739130446
249600,3064828,2008-08-24 04:00:56,2,27.3928246882,4.00540009859
249600,3057022,2008-08-21 15:08:09,1,28.6381419621,5.17729801291
249600,3065454,2008-08-18 00:58:42,1,25.7972902901,4.56962233686
249600,3064827,2008-08-20 00:03:40,2,24.8073898188,4.29741876725
249600,3059331,2008-08-17 04:13:33,1,27.0345724711,4.83893749966
249600,3049903,2008-08-17 02:38:16,2,26.3433387592,6.01125714258
249600,3050044,2008-08-15 20:48:46,1,25.3754221445,5.7042723028
249600,3049896,2008-08-17 01:28:20,2,27.8777775332,6.44698573883
249600,3066031,2008-08-25 07:22:54,2,25.5109229078,4.46986194098
322477,5995599,2009-12-06 09:44:43,2,32.85425719005592,2.6800185192441615
322477,5792398,2009-11-04 10:01:56,3,29.1213722841,3.45596225471
322477,5764426,2009-11-10 08:31:33,2,30.0357849496,3.28198924894
322477,5491139,2009-09-07 18:25:34,1,29.8398711331,3.38288192788
322477,5492106,2009-09-07 17:03:53,1,29.7370881423,3.79796046273
322477,5767927,2009-11-06 17:55:56,2,30.1300614588,4.45137987506
322477,6125059,2009-12-23 19:59:05,2,32.91295717096317,2.248613554884863
322477,5889239,2009-11-28 17:45:34,2,31.693821063303872,3.4916331195147934
322477,4602362,2009-04-29 08:54:53,1,30.5493800821,6.6293303036
322477,4967054,2009-06-26 20:52:32,1,34.6021159177,6.83648947966
322477,5974983,2009-12-15 08:20:59,2,32.20455776390607,2.7626677855001587
322477,5928568,2009-11-21 17:55:10,2,34.06187436246527,3.130341536747918
322477,6094093,2010-01-11 22:47:27,2,31.6954298930175,2.3900056905139775
322477,6112524,2009-12-18 08:19:31,2,32.60363318686844,2.2879282945432853
322477,6080347,2009-12-23 17:55:10,3,32.91090668000321,2.4970975932618966
322477,5924309,2009-12-03 20:51:35,1,31.01286113549692,2.907364681191821
322477,5743649,2009-11-05 22:14:50,2,28.2738164139,3.89105331988
322477,5165447,2009-08-01 05:31:56,1,33.4535753515,5.59638263281
322477,5355111,2009-08-26 15:19:27,1,28.8458228222,5.01293575817
322477,5906565,2009-12-01 11:11:31,3,33.223483890685166,3.259500681656903
322477,6089253,2009-12-14 22:10:05,2,32.096216953048724,2.597174250663559
322477,6110039,2009-12-25 18:13:17,2,32.181398213682584,2.336136688434459
322477,5616516,2009-10-16 05:59:23,2,31.8857857655,4.67953284942
322477,5455806,2009-09-01 09:02:53,1,31.906561971,4.43150519427
251648,4066236,2009-02-01 21:43:00,2,36.8057091423,7.9312939507
251648,4336597,2009-03-05 19:18:34,2,32.6110894868,5.86796215087
251648,4326286,2009-03-05 02:50:34,2,32.9636754458,4.93251858937
251648,3822093,2008-12-20 17:14:08,2,32.9601422405,7.91746712955
251648,4632050,2009-04-18 01:05:28,2,26.5426954905,4.73178636319
251648,3733268,2008-12-01 18:32:58,2,31.4054402341,7.09802866307
251648,4637607,2009-04-19 17:49:42,2,26.1757043921,4.39260683677
251648,3958821,2009-01-07 19:13:53,2,35.3574591217,7.83026090952
251648,3373739,2008-10-09 15:27:33,1,32.2025526054,7.43605731263
251648,4456833,2009-03-30 12:29:07,2,27.8584479673,4.95586344724
251648,4336599,2009-03-06 19:39:41,2,32.1800099088,5.06654778363
251648,4225434,2009-02-19 06:30:26,1,27.3559647563,6.81537910368
251648,4518691,2009-04-04 18:46:54,2,31.2919615725,4.5160987047
251648,4384316,2009-03-12 16:02:28,2,30.7610204478,4.93259356305
251648,4219742,2009-02-18 12:49:47,2,29.9677000485,7.50932389506
251648,4219745,2009-02-26 05:23:48,2,29.761796615,6.42018325863
251648,3562121,2008-11-06 01:07:03,1,24.4544624498,6.32664906059
251648,3517992,2008-10-27 13:08:55,1,30.6155045268,7.06569552186
251648,3554389,2008-11-03 10:10:37,1,27.7124926697,7.00494800906
251648,4336598,2009-03-06 18:44:33,2,30.0858596188,5.42239407625
251648,4632052,2009-04-17 15:11:11,2,25.1871341372,4.50772846596
251648,4456835,2009-03-25 14:05:25,2,29.0776065529,5.21261258739
251648,4456831,2009-04-01 16:15:47,2,30.3085319853,4.63893449361
251648,3492872,2008-10-20 19:01:31,1,26.8080070439,7.18489882983
251648,3639635,2008-11-20 01:47:26,2,29.0933159174,6.34398282639
251648,4632048,2009-04-20 20:19:26,2,28.4398437155,5.02104469538
251648,3558975,2008-11-10 01:58:48,2,27.0378637334,5.98340858033
270385,3558975,2008-11-10 01:58:48,2,29.4817742257,7.53085504651
270385,4066236,2009-02-01 21:43:00,2,40.8186629621,7.9312939507
270385,4637607,2009-04-19 17:49:42,2,40.3534997241,7.57659981241
270385,3733268,2008-12-04 18:55:40,2,35.4183940539,7.72539378648
270385,4384316,2009-03-14 18:09:23,2,34.000263355,6.91226493221
270385,3639635,2008-11-20 01:47:26,2,32.5988476727,7.58621184065
270385,4219742,2009-02-18 16:31:05,2,33.9806538683,7.50932389506
270385,4518691,2009-04-04 18:46:54,2,36.9760426417,7.40119046304
270385,3822093,2008-12-20 17:14:08,2,36.9730960603,7.91746712955
270385,3958821,2009-01-07 19:13:53,2,39.3704129415,7.83026090952
270385,4219745,2009-02-26 05:23:48,2,37.1197304289,7.1901672994
270385,4326286,2009-03-05 02:50:34,2,38.8299144889,7.0440635117
319654,4657700,2009-04-12 19:17:28,1,31.5635903745,3.54038219148
319654,4604935,2009-04-11 19:49:48,1,30.6126521644,3.68845937934
319654,4755172,2009-05-04 19:38:30,1,30.1330994012,3.08681034396
319654,4803775,2009-05-09 18:41:49,1,30.8746270186,2.98712830816
319654,4574681,2009-04-06 19:00:34,1,29.4834591826,4.92558330531
319654,4720588,2009-04-27 03:02:26,1,30.5027288943,3.35187210861
319654,4543099,2009-03-29 15:50:39,1,30.5763281491,5.90847380751
319654,4535986,2009-03-27 21:07:37,2,27.8576121135,6.50024926523
319654,4720456,2009-04-25 02:24:11,1,31.6445707826,3.49361622886
319654,4544299,2009-04-01 08:14:11,1,27.1729173159,5.34243651597
319654,4657579,2009-04-21 22:04:41,1,32.6034124846,3.81255560993
319654,4590914,2009-04-10 22:40:44,1,28.0159391444,4.09369277663
319654,4535985,2009-03-28 16:23:38,2,31.3427083373,7.23068213453
319654,4736164,2009-04-26 23:08:04,1,29.2323626387,3.20383763456
319654,4574673,2009-04-01 19:50:26,1,31.166535408,4.60412840424
319654,4603497,2009-04-08 18:54:58,1,29.4997105153,3.86985912071
319654,4677734,2009-04-20 19:41:10,1,33.3147592132,3.67217004244
319654,4588315,2009-04-01 20:51:44,1,29.187156805,4.30786730146
339709,5095176,2009-06-25 18:09:29,2,32.6238163185,3.7482200237
339709,5166665,2009-07-12 04:56:50,2,29.5861018392,2.80396917841
339709,5056549,2009-06-18 22:48:40,2,28.8457911244,4.40201228539
339709,5171985,2009-07-06 08:49:33,2,28.4399746058,2.91101732728
339709,5174743,2009-07-12 14:55:24,4,28.6548047396,2.69198853331
339709,5119461,2009-06-26 16:44:19,2,30.5797918991,3.22340986625
339709,5098588,2009-06-28 02:14:01,3,33.6891168012,3.55962291922
339709,4983488,2009-06-15 21:09:21,2,30.0002334881,5.0629190764
339709,5078426,2009-07-01 20:40:59,3,31.420513623,3.93072114382
339709,5143455,2009-07-01 23:14:09,2,29.948387286,3.12236685558
339709,5101267,2009-06-23 16:57:57,2,31.7880140058,3.3701343365
339709,4978237,2009-06-11 15:51:37,2,27.5058308958,4.66819498735
339709,4978504,2009-06-10 15:08:27,3,30.4250044723,5.88260560069
339709,5056552,2009-06-16 18:10:00,2,29.7890497155,4.19809522751
339709,4943625,2009-06-15 18:41:50,4,32.1188691667,7.05796962278
339709,5172879,2009-07-12 14:55:24,3,28.910430005,2.98697690549
339711,4978237,2009-06-10 03:46:15,2,27.5058308958,4.66819498735
339711,5056552,2009-06-16 18:10:00,2,29.7890497155,4.19809522751
339711,4943625,2009-06-15 18:41:50,4,32.1188691667,7.05796962278
339711,5095176,2009-06-25 18:09:29,2,32.6238163185,3.7482200237
339711,5172879,2009-07-12 14:55:24,3,28.910430005,2.98697690549
339711,5056549,2009-06-18 22:48:40,2,28.8457911244,4.40201228539
339711,5098588,2009-06-28 02:14:01,3,33.6891168012,3.55962291922
339711,5174743,2009-07-10 04:45:44,4,28.6548047396,2.69198853331
339711,4983488,2009-06-17 21:34:33,2,30.0002334881,5.0629190764
339711,5166665,2009-07-12 04:56:50,2,29.5861018392,2.80396917841
339711,5171985,2009-07-10 11:41:38,2,28.4399746058,2.91101732728
339711,5143455,2009-07-01 20:49:30,2,29.948387286,3.12236685558
339711,5078426,2009-07-01 20:40:59,3,31.420513623,3.93072114382
339711,4978504,2009-06-10 15:10:23,3,30.4250044723,5.88260560069
339711,5119461,2009-06-30 20:02:56,2,30.5797918991,3.22340986625
339711,5101267,2009-06-21 21:52:29,2,31.7880140058,3.3701343365
410194,7095053,2010-06-24 21:35:12,1,31.266050049040278,3.825405057019433
410194,6863152,2010-05-05 09:36:25,1,36.9195501137,4.77330028154
410194,7185035,2010-07-04 11:59:09,2,33.29812690536174,3.362636709933894
410194,6858551,2010-05-14 15:33:57,2,36.7965862591,4.81214892974
410194,7225485,2010-07-02 14:01:52,2,32.9218535903731,3.176127578973584
410194,6765331,2010-04-25 19:25:36,2,32.6566930593,5.61639198723
410194,7250607,2010-07-13 09:28:09,1,32.855408957860114,2.9747452530845706
410194,7267056,2010-07-11 17:00:53,2,33.15307482089323,2.9281481432529013
410194,7044256,2010-06-10 09:02:18,1,32.28556328422871,4.481935017744314
410194,6741119,2010-04-21 14:34:12,2,34.4394353904,5.29793443187
410194,6823558,2010-04-25 02:29:58,1,35.7968027877,5.00643208708
410194,7182793,2010-07-09 16:12:31,1,32.473312592335674,3.4686643111246918
410194,6934098,2010-05-20 11:42:53,1,35.2666838226,4.20177831548
410194,7294679,2010-07-26 10:06:05,2,34.245275153945684,2.80001282847333
410194,7178294,2010-06-27 00:05:06,2,31.74446378846482,3.575830686139724
410194,6934096,2010-05-17 15:19:03,1,33.5796949093,4.00727425879
410194,7477659,2010-09-07 14:09:18,3,33.23784822849872,2.371739031828619
410194,6661796,2010-04-02 07:47:12,1,29.6170417396,7.55548341059
410194,7044231,2010-06-25 01:25:55,1,30.622533113646785,4.319964954488156
410194,7463504,2010-09-01 04:16:31,2,33.84189784599593,2.5078253116131783
410194,7260306,2010-07-27 23:10:57,2,33.70523718592082,2.8648778195651614
410194,7517840,2010-09-22 15:54:53,2,32.76056024063271,2.3449309621210057
410194,7274467,2010-07-28 14:18:27,1,33.99197248023113,2.836598580670787
410194,7236626,2010-07-20 03:42:08,1,31.930080384864564,3.0991894262541724
410194,7044243,2010-06-07 15:24:42,1,30.11026559321199,3.9983019202409653
410194,7044248,2010-06-05 10:42:12,1,31.48111294794038,4.1532406628324585
410194,7503208,2010-09-12 22:40:49,2,32.964939393042876,2.3274484275364777
410194,6882670,2010-05-06 08:01:22,2,37.6445557071,4.62281964082
410194,7237576,2010-07-08 19:37:05,2,32.4674503599035,3.0290767660834264
410194,7338488,2010-08-18 13:29:27,2,34.581505885355476,2.624163244263144
410194,6686551,2010-04-04 10:02:15,1,32.0121896791,6.86299067696
410194,7417821,2010-08-17 11:35:07,2,34.11963123525548,2.5868131804148042
410194,7200138,2010-07-04 14:42:31,2,33.87801158963498,3.2776969961810187
410194,6934105,2010-05-25 22:06:08,1,31.7244237083,3.80588328452
410194,7079806,2010-06-21 08:27:56,2,31.01999099635738,3.877843664907664
410194,6680393,2010-04-16 19:17:37,1,29.6113294315,6.01306973693
410194,7355684,2010-08-07 10:36:35,2,33.94568909640835,2.684214107305935
410194,7099840,2010-06-21 16:58:06,2,30.61872338721023,3.7128289819227516
410194,7440045,2010-08-28 11:13:39,1,33.921990228037345,2.4964461430191567
410194,6680409,2010-04-04 21:34:31,1,33.9348211734,6.47730499161
410194,6873544,2010-05-01 18:20:18,1,38.1712088688,4.48772531601
410194,7338218,2010-08-12 22:12:52,2,34.25938979587345,2.6563268855540203
410194,7455028,2010-08-24 10:10:21,2,34.47859827777813,2.5583685006138235
410194,7340489,2010-08-04 20:44:20,2,33.492527833165354,2.734130358586945
289847,5859753,2009-11-09 13:13:55,1,38.750524973916306,4.734385601777324
289847,5664044,2009-10-06 15:59:29,1,30.0164407021,4.78498285679
289847,5778137,2009-10-27 13:53:47,1,35.5921891303,4.80741857228
289847,5899918,2009-11-12 17:59:35,1,39.74916508567365,4.520436687907592
289847,5516679,2009-09-08 15:50:00,1,20.5460537726,7.43128015066
289847,5588686,2009-09-23 06:33:35,1,25.5512778996,5.87363799656
289847,5824470,2009-10-28 17:45:49,1,37.6947382738,4.23667401292
289847,5455257,2009-08-27 14:20:44,1,21.7346749394,7.17812664465
289847,5778134,2009-10-26 14:19:44,1,35.7404752729,4.74817171865
289847,5738505,2009-10-19 02:23:30,1,35.3126719281,4.61281335822
289847,5588633,2009-09-17 14:30:43,1,28.4541746179,5.21673321415
289847,5521698,2009-09-11 13:55:20,1,28.7009243189,5.96046274843
289847,5859756,2009-11-06 14:28:45,1,38.388649606326496,4.840366637764833
289847,5899920,2009-11-13 03:10:40,1,39.199320524963845,4.7051668457025295
289847,5738875,2009-10-14 19:52:44,1,32.2897695734,5.14344082811
289847,5818710,2009-10-29 13:40:31,1,36.7733283579,4.47037609755
289847,5664039,2009-10-07 14:42:54,1,32.6406834818,5.32453027549
360660,7216300,2010-07-10 13:58:45,2,27.738856694697393,5.805648115660336
360660,7173900,2010-06-27 11:38:39,1,31.796330308332877,6.274486874697215
360660,6197040,2010-01-05 19:29:46,1,27.98521998525204,7.337204663663599
360660,7072251,2010-06-03 22:55:59,1,40.00683654549778,7.440780308064186
360660,6506174,2010-02-25 22:27:27,1,31.02809515412211,6.728195066910634
360660,6867375,2010-04-28 17:52:56,1,37.7378616804,6.61601159449
360660,7312001,2010-07-27 19:02:52,1,25.223039904335504,6.033965497902546
360660,5707562,2009-10-14 10:37:09,1,30.5557406397,6.81447511722
360660,6837630,2010-04-22 10:42:43,1,35.2989451309,6.86994153957
360660,7110199,2010-06-19 11:36:07,2,30.17293204952595,6.530903117334358
360660,6532344,2010-03-06 04:49:28,1,27.894809073211317,6.198933754265515
360660,6545169,2010-03-10 00:05:30,1,31.39729957982125,5.488091392070449
360660,6399602,2010-02-16 21:01:49,1,24.457595680072046,7.201229588293579
391798,6326579,2010-02-27 02:56:34,2,35.615132704499636,5.673693373290804
391798,6889649,2010-05-24 14:41:28,2,36.8796875149,4.41130532561
391798,6597618,2010-03-15 02:10:16,2,35.47714787566547,3.2490177706338677
391798,6298627,2010-01-31 05:06:28,3,32.81677541249127,6.541741020778853
391798,6438028,2010-02-17 01:40:10,2,35.416908702374634,4.28781350328657
391798,6475957,2010-03-13 17:53:32,3,38.056293146755,3.6175727104579787
391798,6573634,2010-03-25 10:57:54,2,35.07647355706815,3.3354841519042346
391798,6450471,2010-02-21 16:59:49,2,37.35577659406829,3.8004612296224
391798,6904791,2010-05-06 11:14:37,2,35.3353994445,4.18432653013
391798,8542726,2011-02-28 14:00:20,2,38.866193783026475,7.4784317357819265
391798,8766529,2011-04-17 21:13:52,2,40.79482775681142,7.596574151240224
391798,6368731,2010-02-08 22:23:32,3,33.78938140869257,4.656363506185634
391798,6427651,2010-04-20 01:47:54,4,36.68771722528853,3.9765953882788296
391798,6516138,2010-03-06 11:07:53,2,36.33598039881766,3.4618354254868855
391798,7037137,2010-06-12 22:38:50,2,36.318480758328654,4.719547750882966
409038,6802502,2010-04-20 02:52:38,1,36.790464588,4.64328221477
409038,6877722,2010-05-08 08:18:50,1,38.6144639848,4.27007539487
409038,6682444,2010-03-31 00:35:23,1,37.4689028887,6.1312664198
409038,6718314,2010-04-12 14:10:27,1,36.3073020506,5.58835845439
409038,7032855,2010-06-03 20:10:19,1,33.7484785592,3.79819759101
409038,6718308,2010-04-09 01:16:02,1,34.4338101,6.0324737727
409038,6955857,2010-05-20 03:49:41,1,36.1799937727,4.41889803097
409038,6802496,2010-04-29 06:55:18,1,39.0071773304,4.98042885402
409038,6955828,2010-05-31 07:54:27,1,34.203285794,4.16370295567
409038,6960407,2010-05-22 14:56:35,1,32.657620352,3.95800831486
409038,6955860,2010-05-21 11:21:08,1,35.5208077096,4.57782636925
409038,7042748,2010-06-15 04:53:49,1,34.26842416631417,3.698079954755609
409038,6804372,2010-04-26 03:01:23,1,37.507456882,4.47261009037
409038,6786601,2010-04-27 03:14:20,1,38.2391408455,5.19294408283
409038,6654020,2010-03-30 01:08:25,1,33.0568992666,6.94616539935
419948,12474511,2013-03-28 02:37:02,1,41.84456875092607,8.072303098736384
419948,7456117,2010-08-29 13:47:12,1,27.89799156561922,6.335725253052288
419948,8123879,2011-01-10 21:45:39,1,35.88064656261411,5.397199568396246
419948,8349585,2011-01-30 20:12:21,1,37.188297485711516,6.496093805749321
419948,7034971,2010-05-30 00:30:55,1,29.9033133731,4.23094886499
419948,12112523,2013-01-05 19:57:13,1,38.10119418462264,7.83517088851657
419948,9134873,2011-06-08 19:11:38,1,41.789877867028466,7.881868438082711
419948,7020431,2010-06-03 01:36:30,1,33.8611697936,4.79300217574
419948,8573551,2011-03-11 23:59:23,1,39.78211757281226,7.740055649291724
419948,8428202,2011-02-13 16:40:38,1,38.3075579671711,6.852781092429169
419948,7456119,2010-09-03 16:25:25,1,31.83134823947447,5.56080130236592
419948,7456120,2010-09-15 11:00:11,1,26.296096671367962,4.5822340955067515
419948,8831109,2011-04-21 20:13:25,1,36.261051630330115,7.830203445627672
419948,7680307,2010-10-19 01:59:39,1,31.25567302941633,5.090344705399024
419948,6877004,2010-05-11 00:35:06,1,32.1487739004,6.52260257229
419948,12286258,2013-02-11 23:34:28,1,41.180159238946224,8.010392106497582
419948,9217829,2011-06-27 11:47:55,1,36.010700167548364,7.743609448321475
419948,6959634,2010-05-23 22:51:49,1,31.5863002966,5.34045987997
419948,7195806,2010-07-21 00:45:31,1,33.40423425937998,5.400011617837074
419948,12587088,2013-04-17 21:50:15,1,42.8518282286041,7.995153978847958
419948,9000636,2011-05-22 00:40:48,1,39.07854362728481,7.874027561059067
419948,7827701,2010-12-09 01:09:24,1,33.97115074001561,4.982047158574559
419948,12186845,2013-01-21 23:42:09,1,40.13019019113743,7.843641759860029
419948,7456118,2010-09-09 09:06:05,1,28.09345402333206,4.9531206161585075
440812,7255251,2010-07-15 23:05:49,2,28.726668846630318,7.297290592961314
440812,7338218,2010-08-12 22:12:52,2,29.07446369381663,5.48320736936173
440812,7274467,2010-07-28 14:18:27,1,28.06393309934607,6.343461383748214
440812,7455028,2010-08-24 10:10:21,2,32.762638755403245,4.827048011202861
440812,7517840,2010-09-21 01:04:49,2,29.621820501432076,4.4054873565350485
440812,7520774,2010-09-29 12:09:43,1,28.84204443165271,4.269880440139199
440812,7396364,2010-08-19 18:59:08,1,30.75727053591576,5.209063622347473
440812,7304693,2010-08-05 09:53:46,2,27.62117226505562,5.779627145232983
440812,7253738,2010-08-08 19:48:42,2,26.480248682958422,6.735196366019325
440812,7264395,2010-07-31 22:57:52,1,28.917141466610495,6.091274260425785
440812,7440059,2010-08-29 21:07:01,1,31.394701016963463,5.0516946874751465
440812,7503208,2010-09-12 22:40:49,2,29.519101311113797,4.1552588690599706
440812,7420124,2010-08-20 16:40:32,2,31.428543565378288,4.616571975986847
477531,7934137,2010-11-29 01:39:49,1,31.177110106013444,5.070232135341223
477531,7871217,2010-11-09 00:22:54,1,30.770753574585456,5.705472524175155
477531,7871237,2010-11-09 03:01:06,1,28.766607059582466,5.384796724154426
477531,7871228,2010-11-06 04:24:37,1,23.903784909394435,7.841573045149942
477531,7984386,2010-11-19 23:59:48,1,31.087195126478804,4.051968470401006
477531,8068156,2010-12-13 17:19:22,2,31.361304089598466,3.4584375259132134
477531,8068152,2010-12-13 17:42:59,2,30.31807463149318,3.578101388290563
477531,7934138,2010-11-17 02:40:31,1,33.904586418771046,4.537766727380996
477531,7984379,2010-11-20 14:18:23,1,31.439889137482222,4.126333430989654
477531,7984392,2010-12-07 18:36:43,1,31.30671038613601,3.7017456965392017
502550,12112523,2013-01-05 19:57:13,1,28.36149998348895,7.83517088851657
502550,9134873,2011-06-05 23:49:28,1,32.050183665894764,7.881868438082711
502550,8428202,2011-02-13 16:40:38,1,28.49694570938358,7.874148279221885
502550,12186845,2013-01-21 23:42:09,1,30.39049599000383,7.843641759860029
502550,8831109,2011-04-21 05:18:23,1,26.521357429196417,7.830203445627672
502550,12286258,2013-02-11 23:34:28,1,31.44046503781262,8.010392106497582
502550,9217829,2011-06-22 12:50:11,1,26.271005966414656,7.743609448321475
502550,9000636,2011-05-22 00:40:48,1,29.338849426151107,7.874027561059067
502550,8349585,2011-01-30 20:12:21,1,26.971984703410975,7.79002812555264
502550,8573551,2011-03-11 23:59:23,1,30.042423371678645,7.90377132858018
523454,9408638,2011-08-03 16:20:01,1,32.14497081732311,1.9789459400739697
523454,9241995,2011-07-05 22:08:38,1,32.56617807545971,2.4064415834552015
523454,9359267,2011-08-01 02:46:42,1,31.91996628556734,2.0426770124596665
523454,10237234,2012-01-05 16:14:52,1,31.90115093534887,1.4935994104560426
523454,9252544,2011-06-29 17:51:21,1,31.848519621552732,2.262597972354675
523454,9207583,2011-07-15 14:03:48,1,31.90469139784895,2.490340601151859
523454,11272843,2012-07-16 13:16:11,1,29.283418792600642,3.601697435684898
523454,8788526,2011-04-29 18:14:33,1,30.936454513845142,4.711107977821092
523454,9639119,2011-10-01 08:42:02,1,32.26324509179475,1.743368658620513
523454,9007969,2011-06-06 20:12:16,1,30.76711593474746,3.0864240711555193
523454,10149478,2011-12-12 19:03:08,1,31.628003554581767,1.5512033062491797
523454,11305624,2012-08-26 18:32:02,1,30.866534325877875,3.1389235609378177
523454,8788529,2011-05-04 10:44:18,1,26.1257211421795,5.57894038209329
523454,9515770,2011-11-12 21:59:42,1,31.94927030195496,1.8578061477973713
523454,9121869,2011-06-13 13:01:39,1,30.939749204988058,2.597642813622011
523454,8975105,2011-05-12 12:20:42,1,31.373814055651447,3.3709534315289793
523454,9625447,2011-09-25 01:56:56,1,32.77796897308436,1.7870485156403535
523454,9941362,2011-11-16 04:38:05,1,31.819204668272686,1.6667715723365677
523454,10322524,2012-01-25 07:39:35,1,31.876615745673252,1.453817163774929
523454,9252548,2011-07-01 15:45:58,1,32.174536978601466,2.3775832549339087
523454,10149438,2011-12-25 00:09:26,1,31.93598924519918,1.530673266005915
523454,11086533,2012-06-13 21:57:51,1,31.37265913176385,4.211452074734529
523454,9554984,2011-08-22 21:46:37,1,32.45702976217936,1.8179149042075335
523454,10237242,2011-12-27 13:24:45,1,31.957983711605106,1.5016359335807883
523454,10390126,2012-01-24 03:34:55,1,32.19756101499225,1.4358073227119894
523454,11451902,2012-09-05 19:50:05,1,29.24517107462058,2.639935691127281
523454,11130229,2012-06-18 21:26:47,1,30.714019804641946,3.724934980568091
523454,10071009,2011-11-24 15:17:43,1,32.16077984418257,1.6182206673715709
523454,11272853,2012-07-14 02:19:36,1,31.023483004031586,3.4215778981937817
523454,11405024,2012-08-19 22:48:20,1,30.032622846581848,2.8302085105949613
523454,9328350,2011-08-02 16:15:45,1,32.76611711034078,2.105405287156454
523454,9848844,2011-10-14 23:54:50,1,31.695098871037757,1.707745762642801
523454,11376279,2012-07-29 22:59:51,1,29.17267116064895,2.9545867265073746
523454,10105712,2011-12-07 14:45:53,1,31.441981856371036,1.557801037790879
523454,9824679,2011-10-16 11:04:17,1,31.732004656563692,1.7059911334353144
523454,10057592,2011-11-24 11:23:25,1,32.131315715007815,1.6499168696082123
523454,9500884,2011-08-27 00:07:39,1,31.888810478186098,1.9142963578419878
523454,11405025,2012-08-21 16:09:41,1,30.128645428407342,2.8144596385633216
523454,9069297,2011-06-15 12:27:02,1,30.557214210549613,2.764192325264478
523454,11285106,2012-07-12 08:44:38,1,29.92630480927747,3.5207890302742535
523454,11130223,2012-06-16 14:15:56,1,35.83956342966495,5.089345681905081
523454,10322529,2012-01-20 10:24:34,1,31.521280469224948,1.4731591739225627
523454,10250613,2012-01-01 17:44:10,1,31.788798760672666,1.4960965358456009
523454,9053926,2011-06-15 22:36:23,1,29.417231001114715,2.9113506255531094
523454,11086539,2012-06-28 12:03:17,1,36.795522763196836,4.78641200415679
523454,10390114,2012-01-29 14:56:08,1,32.291279835655075,1.4327604477192497
523454,8788531,2011-05-14 16:45:37,1,32.324064403494226,3.7087915566244902
523454,10105710,2011-12-07 07:17:00,1,31.663171724525544,1.5907865171671287
523454,8788549,2011-05-24 08:56:08,1,33.404081200572726,4.208598652593017
523454,9333128,2011-10-31 20:20:07,1,32.61636678986384,2.190837971479844
523454,9919837,2011-11-09 08:54:57,1,31.784427169077762,1.7029339968515935
523454,10002803,2011-11-16 07:28:03,2,32.00627594948051,1.6561835533268647
553534,9686279,2011-09-10 22:33:48,1,32.08137764729647,7.003278395605073
553534,9805013,2011-09-30 20:13:01,1,28.673284896055453,6.367976125298718
553534,10207488,2011-12-16 22:30:43,1,25.57766293116644,5.924309817702135
553534,9602672,2011-08-29 06:38:00,1,24.052784065600818,8.01388459584762
553534,9602685,2011-09-09 03:45:55,1,24.796877077071258,8.244310686517277
553534,9902365,2011-11-08 16:53:49,1,29.297410012032163,4.73788999193776
553534,9602680,2011-09-02 16:23:56,1,28.52524312233732,7.471792198024517
553534,10292310,2012-01-10 20:19:32,1,27.38748661650349,6.158865160037589
553534,9805087,2011-10-01 01:31:58,1,28.866663664414144,5.765336027330243
553534,10016861,2011-11-17 08:18:55,1,28.584320714932765,4.627455126806842
553534,9686290,2011-09-14 08:21:58,1,29.593379326232476,6.628193934885663
553534,9805076,2011-10-08 15:00:36,1,30.970634974044845,6.045839523976049
553534,10292425,2012-01-01 00:57:13,1,29.507846607038264,6.471546095613275
553534,10439254,2012-01-29 18:42:41,1,25.437033721873224,6.847822735996923
553534,9768702,2011-10-11 19:59:02,2,26.90734286086787,5.227557026778664
553534,10517949,2012-02-12 13:48:55,1,24.880386566971342,7.6519276441449895
553534,9880917,2011-10-17 12:33:05,1,26.076287396131846,5.078199726045141
553534,10044462,2011-11-15 03:13:08,1,27.579922979505266,4.489670415831154
553534,10292429,2012-01-10 04:11:35,1,26.170352234902087,5.93526201320977
553534,9911535,2011-10-31 23:00:45,1,27.924630412573865,4.895104994612538
553534,9805113,2011-10-05 19:59:46,1,30.97866104772114,6.715899664180921
553534,9686282,2011-09-22 08:05:01,1,28.099812800372916,6.352968478638734
553534,10111585,2011-12-03 20:11:04,1,26.503316785568305,5.095791158928432
595175,11072146,2012-05-21 05:59:52,1,26.91786555602649,6.205827524968978
595175,12132493,2013-01-09 13:23:41,1,23.589984259225847,7.3033671060255
595175,11082098,2012-05-27 01:15:39,1,30.456431347029618,5.555130666296112
595175,11157204,2012-06-14 23:25:41,1,29.649193323962834,4.853709868720092
595175,11128909,2012-05-31 14:21:03,1,31.320083148685743,5.115927728809512
595175,11158359,2012-07-02 10:38:44,1,27.662684274972484,4.649781631158715
595175,11057648,2012-05-11 00:34:53,1,29.262997361016073,7.450067150576497
595175,11072150,2012-05-17 00:54:50,1,31.59675914237213,6.874825327489566
595175,11121984,2012-06-09 19:59:56,1,29.114136252343073,5.364767154664769
595175,11086580,2012-05-21 19:12:58,1,29.563209105052582,5.746536588646671
607973,12018322,2012-12-23 10:53:20,2,23.120306336208284,7.842190861530018
607973,12021681,2012-12-18 15:21:22,2,28.5948427823236,7.197380063975107
607973,12062468,2012-12-27 02:02:45,3,28.69996809904836,5.405505902513507
607973,12060267,2013-01-03 03:05:38,2,27.916846619917678,5.233075022402702
607973,12110190,2013-01-14 04:07:02,2,28.783332772992996,3.8258786474965283
607973,12171040,2013-01-22 04:21:41,3,26.818720538811018,3.494973123009105
607973,12081339,2012-12-30 08:20:32,2,25.840417951914475,4.786729803521821
607973,12023532,2013-01-03 06:37:43,3,24.437069831134743,6.349795235860402
607973,12101090,2013-01-11 16:52:09,4,27.326032649181588,4.287496060643195
607973,11532354,2012-09-28 22:23:09,2,24.673715444522244,8.196166277376117
607973,12206250,2013-01-25 21:39:19,4,25.69309103686527,3.326019855660178
607973,12114271,2012-12-24 21:48:21,2,26.35039297372729,4.898556657441864
607973,12158779,2013-01-21 03:17:13,2,27.87497319134092,3.664224467596653
608638,12327455,2013-03-05 21:33:00,1,33.00614903724205,4.728767466120875
608638,12164379,2013-01-26 16:18:22,2,32.19682047548404,5.603597815833576
608638,12290266,2013-02-07 02:19:17,1,29.802201820871236,5.557613505428047
608638,12326318,2013-02-11 11:38:27,1,30.239387427153638,5.342844506038807
608638,12012007,2012-12-11 17:35:28,1,27.379714052758505,7.851337637708077
608638,12366858,2013-02-20 14:01:42,2,31.765331817918355,4.512153249780913
608638,12454305,2013-03-18 13:20:20,1,28.438877954664438,4.495018184212155
608638,12161158,2013-01-16 13:23:29,2,33.8168996170591,7.116828783591413
608638,12298897,2013-02-06 19:23:39,1,32.161979082425674,5.232549366372296
608638,12235574,2013-01-28 18:22:13,1,30.679406164100822,5.290481422508196
611708,12359575,2013-02-27 00:03:46,1,31.45855530471542,2.3534303378035246
611708,12514974,2013-04-05 23:01:47,3,31.46078388206214,2.4092880357504454
611708,12572124,2013-04-15 19:54:16,3,31.77797328206758,2.2564382059869654
611708,12166045,2013-01-28 18:40:24,1,30.620324337388578,3.897826597731727
611708,12457425,2013-03-23 21:15:13,3,31.459284914977694,2.0313427302448193
611708,12436508,2013-03-23 13:48:13,4,31.409876061468125,2.104781028019132
611708,12282715,2013-03-05 02:57:41,2,30.809259741109106,2.7585737284123106
611708,12303137,2013-02-11 20:59:52,2,31.928987775603204,2.561248859676517
611708,12344528,2013-02-27 22:46:59,3,31.92870077064631,2.4389990754738933
611708,12307865,2013-02-12 07:15:36,1,31.248751304896683,2.6325459952301093
611708,12495588,2013-03-23 02:11:01,2,30.568133467488682,1.9789327044441782
611708,12244574,2013-02-02 13:33:11,1,32.4889936083535,3.1893650490965673
611708,12057711,2013-01-12 18:25:26,1,29.80460514610251,5.273491992257774
611708,12236535,2013-01-30 22:58:09,1,31.299317672688716,3.0419503512921655
611708,12425642,2013-03-06 11:50:50,3,32.46121219979812,2.2409201441030207
611708,12215589,2013-01-31 18:29:33,3,31.523892680935532,3.33105391508655
611708,12017185,2012-12-11 15:01:28,3,30.24128873904114,7.20401884073204
611708,12521733,2013-04-08 03:15:41,3,31.48451371547834,2.518501237955623
611708,12188848,2013-01-20 14:17:25,3,32.38723390843537,3.6390256919548993
611708,12020867,2012-12-27 23:09:02,3,34.802251493713904,6.098141716374442
611708,12052338,2013-01-04 02:01:46,3,26.800175464043786,4.763512682180187
611708,12411619,2013-03-16 07:13:22,3,31.84671904289781,2.3038632762325286
611708,12474533,2013-03-20 01:39:17,3,31.72964384556443,2.182238849694007
611708,12562740,2013-04-13 13:07:25,1,31.302537965554134,2.3128132665683063
611708,12062682,2013-01-17 08:18:36,1,27.911840427953674,4.239886923335736
611708,12282693,2013-03-07 11:50:48,2,32.36702956333708,2.9007112563553803
608031,12101090,2013-01-11 19:06:30,4,27.652473308859314,4.287526909560906
608031,12158779,2013-01-21 08:25:48,2,28.201425101629663,3.6642422801332915
608031,12206250,2013-01-27 15:05:32,4,26.01952284181333,3.326032871420956
608031,12060267,2012-12-27 12:17:30,2,28.24330575483487,5.233136216031694
608031,12021681,2012-12-18 15:21:22,2,28.9213843847317,7.197583757190374
608031,12062468,2012-12-27 02:00:17,3,29.026446869451522,5.405573685289118
608031,12018322,2012-12-22 20:23:07,2,23.446466623928426,7.8424640013815
608031,12081339,2013-01-03 17:58:47,2,26.166830227506317,4.786775544681946
608031,12110190,2013-01-14 22:11:10,2,29.10979439563643,3.8258991106593223
608031,12114271,2012-12-25 13:11:28,2,26.676815482667816,4.898605819549529
608031,12171040,2013-01-23 16:11:16,3,27.145162185067814,3.494988409828054
608031,12023532,2012-12-31 03:58:19,3,24.763376123305772,6.349923714061893
608185,12455948,2013-03-13 23:29:19,2,16.808163405627724,6.5445758654271176
608185,12427787,2013-03-07 15:23:36,2,17.157079422517608,6.324746213675784
608185,12470214,2013-04-02 20:45:44,2,26.4711618957868,4.62945683898644
608185,12360254,2013-02-25 06:42:24,2,19.558244194035662,6.645742141265509
608185,12422413,2013-03-01 14:15:54,2,17.757455689056574,6.477168161498411
608185,12214178,2013-02-01 05:45:22,2,23.594546017895315,6.963392944103732
608185,12043622,2012-12-13 21:55:05,2,31.15252658437725,6.025241991324405
608185,12031108,2012-12-18 01:46:43,2,34.43638264551758,6.837628027538441
608185,12292117,2013-02-12 20:56:18,2,20.88552756390253,6.299462266009981
608185,12217326,2013-01-17 22:48:38,2,26.06324946037546,6.778664319750229
608185,12378608,2013-02-25 01:04:31,2,18.725759296628144,6.2615419445551606
608185,12475445,2013-03-14 11:40:37,2,16.10331197087776,6.2092800250497
608185,12497302,2013-03-22 20:06:00,2,25.89934480191961,4.456121112949607
608185,12579498,2013-04-06 19:26:24,2,29.914100892185598,3.820114670862277
608185,12302581,2013-02-09 03:46:55,2,21.7767649789386,6.699535688827147
608185,12569895,2013-04-10 02:49:06,2,28.280841831686182,4.088196545125937
608185,12476023,2013-03-16 19:36:08,2,21.749784182294743,5.27117356338468
609554,12076281,2012-12-16 17:26:04,2,32.14665267059787,7.1302916312311435
609554,12353431,2013-02-26 02:12:23,3,24.32679850406278,4.694268832374119
609554,12445693,2013-03-18 14:27:59,3,29.20140043480746,4.3021572100509955
609554,12246880,2013-02-11 12:00:51,3,27.41079786190812,4.2476865036479525
609554,12405859,2013-03-09 17:48:39,3,25.71288232249456,4.358645470167509
609554,12043789,2012-12-11 18:12:31,2,28.34521589547312,7.380568773402645
609554,12073635,2012-12-26 22:00:59,3,25.348271730215632,6.146215613317736
609554,12501276,2013-04-03 09:48:26,3,26.293206795853514,3.794350026718821
609554,12504939,2013-03-25 21:52:08,2,28.809127386721286,3.8320985773641647
609554,12171260,2013-01-25 20:35:25,3,26.844201267880955,4.861811814973128
609554,12123976,2013-01-06 18:21:13,3,22.710214695464746,5.787605605236806
609554,12583110,2013-04-18 13:29:51,2,25.031527219744245,3.770171974492723
574423,12095658,2012-12-23 21:42:19,1,32.03659047288291,6.560616155932155
574423,12461040,2013-03-14 21:56:40,1,29.741147036266007,6.543773888845679
574423,12324317,2013-02-22 05:02:14,1,36.70841679816265,6.159306435002092
574423,12181105,2013-01-10 04:58:55,1,31.015572193763987,5.697537340049991
574423,12223073,2013-01-23 00:34:49,1,33.10231571257166,6.081316615764548
574423,12294948,2013-02-03 08:46:49,1,35.814767398027726,5.8119452174509085
574423,12086049,2012-12-19 02:14:52,1,31.339576237842483,6.7565156189153015
574423,12068296,2012-12-16 22:44:21,1,28.837244845697672,7.425408523099907
574423,12260135,2013-01-30 16:14:03,1,34.37910813538442,6.02908384547828
574423,12131631,2013-01-05 22:07:22,2,36.14944773785545,6.16053420153855
574423,12127971,2012-12-28 18:36:37,1,33.18703421462936,6.9124500702097205
